observation_id,network_name,latitude,longitude,rssi_dbm,signal_std_dbm,distance_to_ap_m,connected_devices,avg_download_mbps,peak_usage_hours,frequency_mhz,timestamp
1,Network_C,13.083886,80.269434,-80.5,1.7,118.06,77,22.24,1,5000,2026-01-12 03:03:00
2,Network_C,13.080782,80.27258,-79.33,2.28,125.7,78,1.4,1,2400,2026-01-20 02:00:00
3,Network_A,13.082799,80.270299,-46.83,3.68,11.77,66,32.71,0,2400,2026-01-03 16:50:00
4,Network_C,13.081382,80.26896,-83.65,5.79,142.59,62,3.8,0,2400,2026-01-12 21:59:00
5,Network_C,13.081393,80.270264,-55.09,2.46,31.42,6,78.52,0,2400,2026-01-05 18:33:00
6,Network_D,13.084458,80.272279,-72.97,2.9,91.7,55,5.78,0,2400,2026-01-15 18:03:00
7,Network_D,13.082871,80.269264,-78.71,1.04,121.32,13,25.02,0,5000,2026-01-10 17:06:00
8,Network_C,13.083785,80.268996,-66.79,1.44,56.98,25,36.36,1,2400,2026-01-22 09:38:00
9,Network_D,13.08325,80.272249,-61.56,6.33,73.47,16,44.14,0,2400,2026-01-01 03:26:00
10,Network_C,13.081144,80.270457,-53.86,4.94,34.25,6,59.19,1,2400,2026-01-05 10:14:00
11,Network_A,13.082859,80.269512,-72.31,7.16,141.71,44,23.39,1,2400,2026-01-02 20:53:00
12,Network_D,13.083915,80.269446,-71.75,7.27,134.42,64,18.44,0,2400,2026-01-01 21:46:00
13,Network_B,13.080702,80.27011,-56.66,4.39,49.19,53,27.23,0,5000,2026-01-25 03:26:00
14,Network_C,13.081993,80.270775,-70.45,7.74,106.94,41,25.15,0,2400,2026-01-02 03:16:00
15,Network_A,13.084691,80.269767,-83.86,3.42,146.61,3,11.3,0,5000,2026-01-15 23:16:00
16,Network_D,13.082491,80.270912,-68.81,2.7,90.94,40,22.74,0,5000,2026-01-29 03:45:00
17,Network_B,13.082295,80.271966,-75.05,5.87,120.76,5,19.08,0,2400,2026-01-05 13:06:00
18,Network_B,13.082748,80.269606,-66.96,3.71,98.55,3,26.38,1,2400,2026-01-28 08:24:00
19,Network_B,13.084399,80.272209,-50.38,4.89,42.4,62,42.51,0,2400,2026-01-27 12:31:00
20,Network_B,13.084289,80.272302,-75.38,6.08,96.8,5,10.45,1,5000,2026-01-09 11:03:00
21,Network_D,13.081037,80.269347,-77.36,1.04,135.29,68,2.5,1,5000,2026-01-20 21:23:00
22,Network_A,13.080772,80.270676,-46.02,6.05,30.93,35,56.43,0,2400,2026-01-29 08:18:00
23,Network_B,13.081761,80.269676,-77.13,5.42,146.09,23,18.89,0,5000,2026-01-28 15:10:00
24,Network_D,13.084157,80.269621,-56.95,1.31,77.38,46,33.75,1,2400,2026-01-13 02:53:00
25,Network_A,13.084234,80.271691,-77.77,5.01,143.2,62,1.0,1,2400,2026-01-08 06:52:00
26,Network_A,13.081464,80.269774,-70.55,6.91,75.37,69,3.56,0,5000,2026-01-06 04:15:00
27,Network_C,13.08466,80.26926,-63.25,5.88,80.16,45,29.56,1,2400,2026-01-05 00:41:00
28,Network_C,13.082379,80.269725,-74.33,1.5,93.67,18,30.59,0,2400,2026-01-10 07:23:00
29,Network_B,13.081076,80.271013,-40.0,3.01,10.21,60,22.56,1,2400,2026-01-30 15:15:00
30,Network_B,13.08399,80.270141,-43.05,2.51,23.42,7,89.44,0,5000,2026-01-01 14:36:00
31,Network_D,13.082825,80.270863,-79.48,6.57,97.43,65,11.13,0,5000,2026-01-19 00:25:00
32,Network_A,13.081437,80.269023,-63.62,7.41,67.11,36,38.19,0,5000,2026-01-14 22:16:00
33,Network_D,13.084438,80.271253,-68.92,6.11,79.92,69,33.31,0,5000,2026-01-03 10:26:00
34,Network_A,13.081181,80.270068,-50.98,7.86,18.31,71,27.03,0,5000,2026-01-25 11:27:00
35,Network_A,13.082594,80.269393,-53.82,5.45,67.91,36,39.22,0,5000,2026-01-17 04:09:00
36,Network_C,13.082713,80.272126,-71.14,5.1,100.51,26,22.65,1,2400,2026-01-25 10:35:00
37,Network_A,13.082533,80.270882,-78.18,7.34,141.51,46,13.71,0,5000,2026-01-27 17:34:00
38,Network_B,13.080773,80.269078,-72.05,6.91,104.04,36,21.19,0,2400,2026-01-03 06:27:00
39,Network_B,13.083487,80.271216,-73.99,2.97,132.23,12,33.85,0,5000,2026-01-13 03:46:00
40,Network_D,13.081211,80.2697,-66.39,2.67,89.18,57,27.16,1,2400,2026-01-03 00:34:00
41,Network_A,13.082211,80.270837,-71.98,1.7,77.0,14,17.14,1,2400,2026-01-26 15:39:00
42,Network_A,13.081977,80.2725,-71.15,4.14,142.84,14,41.83,0,2400,2026-01-16 06:12:00
43,Network_D,13.084485,80.271825,-48.74,5.94,21.45,78,35.06,1,5000,2026-01-25 12:27:00
44,Network_A,13.081104,80.269036,-74.02,1.59,106.64,10,31.16,0,2400,2026-01-13 07:49:00
45,Network_D,13.081647,80.272331,-61.07,4.37,90.82,56,15.51,1,5000,2026-01-20 13:38:00
46,Network_C,13.082438,80.269715,-52.99,6.37,63.75,41,40.32,1,2400,2026-01-11 04:43:00
47,Network_B,13.082301,80.270611,-62.08,6.61,17.02,47,34.62,1,2400,2026-01-27 03:58:00
48,Network_A,13.080874,80.272399,-75.35,1.53,138.27,49,4.47,1,5000,2026-01-30 09:56:00
49,Network_B,13.083037,80.272305,-48.45,5.34,11.59,10,83.98,0,5000,2026-01-26 08:07:00
50,Network_B,13.081618,80.269764,-60.93,1.23,57.25,75,8.52,0,5000,2026-01-25 16:27:00
51,Network_D,13.08135,80.272344,-82.67,7.53,124.27,7,28.46,0,2400,2026-01-20 05:52:00
52,Network_B,13.084649,80.269302,-66.08,6.89,91.15,79,15.65,0,2400,2026-01-28 19:14:00
53,Network_C,13.081794,80.268926,-77.57,6.38,130.38,39,12.96,1,2400,2026-01-10 08:16:00
54,Network_A,13.082502,80.269217,-87.68,5.7,143.34,34,7.61,0,2400,2026-01-06 00:39:00
55,Network_C,13.083386,80.270781,-68.35,4.86,116.99,7,41.31,0,2400,2026-01-30 17:28:00
56,Network_A,13.081236,80.268815,-66.18,2.49,114.49,40,30.84,1,5000,2026-01-05 19:49:00
57,Network_B,13.08306,80.270269,-63.46,4.6,68.43,32,34.94,1,2400,2026-01-30 22:08:00
58,Network_A,13.083886,80.270537,-76.14,3.43,127.1,45,13.48,0,2400,2026-01-05 08:14:00
59,Network_A,13.08254,80.271039,-65.3,5.88,63.04,27,33.2,1,2400,2026-01-24 05:14:00
60,Network_A,13.084592,80.271108,-56.88,3.43,37.46,24,61.35,0,2400,2026-01-28 04:24:00
61,Network_D,13.081525,80.270157,-65.01,6.6,78.0,58,19.71,1,2400,2026-01-04 01:52:00
62,Network_B,13.084173,80.269038,-67.78,7.47,91.61,16,31.41,1,2400,2026-01-02 11:25:00
63,Network_D,13.083582,80.268949,-49.6,6.91,26.42,20,61.05,0,2400,2026-01-25 01:54:00
64,Network_C,13.081119,80.27165,-46.91,1.62,31.43,46,54.93,0,2400,2026-01-05 06:48:00
65,Network_D,13.08212,80.271295,-55.82,4.9,74.54,42,48.88,0,2400,2026-01-12 01:13:00
66,Network_A,13.08205,80.272299,-68.33,3.31,93.1,35,17.6,0,2400,2026-01-02 02:45:00
67,Network_C,13.082651,80.272103,-45.45,1.04,17.74,53,38.47,1,5000,2026-01-01 14:06:00
68,Network_C,13.082986,80.26982,-76.97,3.98,116.58,22,13.27,0,2400,2026-01-02 10:08:00
69,Network_B,13.083771,80.269049,-65.59,5.16,78.39,8,49.39,0,5000,2026-01-12 13:24:00
70,Network_C,13.082896,80.269507,-59.12,6.56,104.26,51,21.8,1,5000,2026-01-01 03:55:00
71,Network_B,13.081197,80.271623,-77.82,6.89,141.06,74,19.64,1,2400,2026-01-22 04:43:00
72,Network_B,13.084001,80.269446,-51.08,3.21,39.18,44,51.24,0,5000,2026-01-07 14:30:00
73,Network_D,13.082208,80.270551,-57.08,2.63,48.7,68,41.94,0,5000,2026-01-19 13:27:00
74,Network_C,13.082871,80.270426,-53.73,2.17,53.26,31,62.52,0,5000,2026-01-07 13:26:00
75,Network_C,13.083854,80.269307,-53.4,1.23,50.2,68,16.94,1,2400,2026-01-17 11:10:00
76,Network_C,13.084086,80.26921,-62.87,2.6,62.61,78,17.26,1,2400,2026-01-12 10:38:00
77,Network_C,13.083476,80.270871,-60.67,7.36,41.51,40,35.0,0,2400,2026-01-01 13:34:00
78,Network_B,13.084489,80.269313,-55.27,1.13,90.0,62,34.6,0,5000,2026-01-26 20:19:00
79,Network_D,13.083487,80.27239,-70.64,5.25,107.55,53,7.1,1,5000,2026-01-03 08:08:00
80,Network_B,13.084343,80.269191,-56.81,6.86,39.21,3,45.1,1,2400,2026-01-28 06:42:00
81,Network_D,13.083132,80.270217,-70.15,5.23,112.92,37,22.42,0,2400,2026-01-24 21:13:00
82,Network_C,13.084392,80.270563,-62.87,1.23,74.72,53,36.49,0,2400,2026-01-02 09:10:00
83,Network_D,13.082376,80.272359,-50.14,1.09,57.55,51,54.85,0,5000,2026-01-14 18:16:00
84,Network_A,13.082929,80.272143,-68.54,3.17,82.59,53,16.68,0,2400,2026-01-20 10:05:00
85,Network_D,13.082573,80.2712,-58.43,3.06,59.77,49,46.69,0,5000,2026-01-27 09:20:00
86,Network_B,13.082688,80.271761,-52.82,6.27,19.93,12,65.15,0,5000,2026-01-12 09:58:00
87,Network_D,13.084059,80.272168,-69.15,2.37,64.16,74,18.71,0,2400,2026-01-03 07:00:00
88,Network_C,13.08425,80.270927,-66.13,7.74,109.52,39,35.59,0,5000,2026-01-01 13:42:00
89,Network_D,13.081048,80.271233,-71.27,5.93,111.71,3,34.35,1,5000,2026-01-14 20:58:00
90,Network_B,13.084,80.270152,-49.87,6.42,9.96,11,81.03,0,5000,2026-01-13 08:11:00
91,Network_D,13.081157,80.270963,-88.64,4.39,147.88,16,1.0,1,5000,2026-01-29 14:36:00
92,Network_A,13.081732,80.269257,-76.42,2.2,126.06,39,21.11,0,5000,2026-01-19 12:25:00
93,Network_D,13.082692,80.268969,-51.89,1.75,63.76,29,43.19,1,5000,2026-01-21 10:02:00
94,Network_D,13.081703,80.271232,-58.24,3.83,76.67,64,31.7,0,5000,2026-01-15 07:29:00
95,Network_D,13.084535,80.269437,-50.65,7.41,18.1,61,48.36,0,2400,2026-01-20 23:29:00
96,Network_C,13.083355,80.272447,-69.77,1.36,111.22,64,2.01,1,2400,2026-01-01 08:01:00
97,Network_A,13.083784,80.269126,-49.15,5.82,15.89,44,65.91,0,2400,2026-01-20 13:05:00
98,Network_A,13.080709,80.272571,-47.98,6.65,5.76,51,43.05,0,5000,2026-01-26 06:48:00
99,Network_C,13.082785,80.269047,-77.53,6.31,143.93,72,17.77,1,5000,2026-01-09 06:38:00
100,Network_C,13.084651,80.272476,-45.53,2.26,10.72,9,83.93,0,2400,2026-01-17 17:10:00
101,Network_A,13.08147,80.269161,-58.25,1.38,66.16,20,59.24,0,2400,2026-01-16 02:56:00
102,Network_B,13.083085,80.26962,-49.51,3.38,22.48,57,38.68,0,2400,2026-01-20 19:35:00
103,Network_A,13.082854,80.271347,-86.23,7.14,111.99,68,9.1,0,5000,2026-01-01 09:05:00
104,Network_B,13.080701,80.269442,-47.18,2.9,60.67,12,71.87,0,2400,2026-01-03 09:10:00
105,Network_D,13.08365,80.269655,-56.98,3.07,21.02,64,23.47,0,5000,2026-01-18 13:20:00
106,Network_A,13.084651,80.270411,-65.53,7.65,60.73,63,28.7,0,5000,2026-01-27 02:13:00
107,Network_C,13.084216,80.272479,-68.81,7.94,72.77,61,23.9,0,2400,2026-01-12 01:34:00
108,Network_B,13.083131,80.270751,-57.2,2.31,38.45,5,42.36,1,2400,2026-01-06 17:25:00
109,Network_C,13.081565,80.270773,-76.4,4.61,91.6,64,10.94,1,2400,2026-01-21 00:31:00
110,Network_C,13.081598,80.269595,-57.98,1.64,82.86,58,47.46,0,5000,2026-01-23 10:04:00
111,Network_A,13.080878,80.272109,-45.0,6.15,10.14,40,58.39,0,2400,2026-01-04 16:15:00
112,Network_B,13.08283,80.272548,-45.68,5.0,20.87,42,43.5,1,2400,2026-01-19 10:52:00
113,Network_A,13.083636,80.270785,-80.91,2.12,130.88,15,8.14,1,2400,2026-01-19 06:12:00
114,Network_B,13.081123,80.271496,-47.91,1.04,32.44,34,59.57,0,5000,2026-01-30 12:54:00
115,Network_C,13.080704,80.270925,-77.59,1.59,114.71,29,9.2,1,2400,2026-01-23 04:46:00
116,Network_B,13.083236,80.27086,-73.19,4.79,118.08,65,12.2,0,2400,2026-01-18 22:21:00
117,Network_A,13.08111,80.272449,-72.12,5.96,104.74,24,18.22,1,5000,2026-01-15 13:13:00
118,Network_D,13.080883,80.272186,-79.7,1.17,146.16,13,9.57,1,2400,2026-01-20 03:30:00
119,Network_C,13.083433,80.270484,-62.32,6.56,44.68,31,39.64,0,5000,2026-01-10 05:01:00
120,Network_D,13.083318,80.269793,-81.83,7.61,142.88,61,1.0,1,2400,2026-01-23 08:36:00
121,Network_C,13.081948,80.269983,-76.41,7.08,110.04,26,26.41,0,2400,2026-01-16 23:39:00
122,Network_D,13.082873,80.269337,-45.5,1.13,34.54,66,20.2,0,5000,2026-01-11 14:11:00
123,Network_B,13.082548,80.268705,-75.07,4.91,91.76,50,22.27,0,2400,2026-01-04 13:09:00
124,Network_A,13.081776,80.27189,-58.89,1.51,50.0,66,27.8,0,2400,2026-01-29 13:25:00
125,Network_D,13.083328,80.271728,-79.49,6.24,143.13,43,17.24,0,2400,2026-01-27 18:39:00
126,Network_C,13.082696,80.271173,-72.82,3.29,106.86,4,33.43,0,2400,2026-01-13 17:33:00
127,Network_A,13.083998,80.270131,-53.33,1.29,51.7,46,49.65,0,2400,2026-01-27 23:30:00
128,Network_C,13.080826,80.272445,-40.0,7.1,12.54,52,45.36,1,5000,2026-01-10 11:09:00
129,Network_C,13.083959,80.26902,-72.1,4.17,134.75,5,35.89,0,5000,2026-01-21 12:25:00
130,Network_B,13.081027,80.268941,-60.37,6.53,40.83,57,26.88,0,5000,2026-01-14 22:09:00
131,Network_B,13.083577,80.269614,-82.18,2.4,149.47,37,11.78,0,5000,2026-01-24 00:00:00
132,Network_C,13.08255,80.272173,-75.03,3.42,110.44,22,37.05,0,5000,2026-01-11 14:42:00
133,Network_D,13.083052,80.268818,-53.04,6.55,62.35,41,61.79,0,2400,2026-01-30 07:49:00
134,Network_A,13.081543,80.271192,-72.27,6.01,96.58,44,25.62,0,5000,2026-01-24 00:22:00
135,Network_A,13.084118,80.270669,-56.0,4.6,40.85,4,74.24,0,2400,2026-01-19 11:36:00
136,Network_D,13.081733,80.271327,-60.38,7.79,52.15,49,37.83,0,5000,2026-01-24 04:37:00
137,Network_B,13.082024,80.270495,-71.33,5.12,102.06,78,1.0,1,5000,2026-01-05 05:39:00
138,Network_D,13.080847,80.271646,-64.24,6.64,101.25,30,28.26,1,5000,2026-01-01 10:19:00
139,Network_C,13.081148,80.269779,-44.68,1.28,13.28,37,63.11,0,2400,2026-01-27 08:26:00
140,Network_A,13.081113,80.271039,-73.6,5.8,104.79,52,1.0,1,2400,2026-01-05 14:38:00
141,Network_C,13.082655,80.271367,-56.0,5.71,25.25,3,54.87,1,2400,2026-01-28 23:27:00
142,Network_B,13.084173,80.269409,-71.51,5.32,105.43,10,41.45,1,2400,2026-01-21 07:39:00
143,Network_C,13.084424,80.271458,-67.58,3.76,103.09,71,9.17,0,5000,2026-01-26 00:59:00
144,Network_B,13.084698,80.268893,-76.65,6.48,146.69,79,7.11,0,2400,2026-01-19 00:03:00
145,Network_B,13.082317,80.270008,-67.46,6.58,101.8,77,21.76,0,5000,2026-01-30 00:21:00
146,Network_C,13.080723,80.269998,-51.56,3.72,58.14,35,47.68,0,2400,2026-01-22 12:50:00
147,Network_D,13.080759,80.271048,-46.01,4.5,29.42,28,56.17,1,5000,2026-01-19 10:03:00
148,Network_A,13.083955,80.269136,-59.8,4.34,26.6,45,29.68,1,5000,2026-01-12 05:33:00
149,Network_B,13.083562,80.270785,-71.48,1.5,124.25,17,30.52,0,2400,2026-01-26 15:14:00
150,Network_C,13.081489,80.270617,-51.35,4.66,33.21,29,35.08,1,5000,2026-01-22 12:50:00
151,Network_D,13.081945,80.271141,-75.23,1.85,108.84,77,1.0,0,5000,2026-01-21 15:34:00
152,Network_A,13.081438,80.269881,-79.12,6.71,120.04,46,12.21,0,5000,2026-01-08 17:30:00
153,Network_A,13.083106,80.271977,-81.81,5.28,133.21,44,2.47,1,5000,2026-01-25 23:53:00
154,Network_C,13.083822,80.269799,-66.97,1.67,124.28,38,24.85,0,2400,2026-01-19 04:00:00
155,Network_C,13.084177,80.270592,-68.39,2.61,82.63,73,9.42,0,5000,2026-01-07 08:40:00
156,Network_B,13.083228,80.268934,-48.05,5.73,25.56,44,40.73,0,2400,2026-01-23 13:36:00
157,Network_C,13.084665,80.269214,-47.18,2.92,20.1,38,71.55,0,2400,2026-01-06 10:43:00
158,Network_C,13.082305,80.270168,-63.82,6.82,54.82,62,35.62,1,2400,2026-01-03 22:55:00
159,Network_A,13.081785,80.271071,-72.14,2.33,103.62,4,13.6,1,5000,2026-01-07 17:26:00
160,Network_B,13.082034,80.271022,-48.92,6.28,17.87,57,46.16,0,5000,2026-01-17 02:37:00
161,Network_A,13.083987,80.268705,-57.26,3.68,48.62,25,54.91,0,5000,2026-01-21 08:21:00
162,Network_A,13.083649,80.271774,-58.33,2.8,40.33,74,20.4,1,2400,2026-01-08 15:43:00
163,Network_D,13.083828,80.271535,-52.91,3.52,10.24,4,46.66,1,2400,2026-01-14 02:40:00
164,Network_C,13.084001,80.269819,-78.59,4.97,141.65,14,26.34,1,5000,2026-01-18 11:29:00
165,Network_A,13.082222,80.272212,-74.87,3.13,130.87,75,16.14,0,2400,2026-01-05 16:01:00
166,Network_C,13.08348,80.270084,-76.19,1.93,146.46,56,18.53,0,2400,2026-01-05 02:21:00
167,Network_A,13.083125,80.271759,-65.22,2.02,30.35,10,45.95,0,5000,2026-01-12 18:00:00
168,Network_C,13.084552,80.270898,-90.0,4.54,145.04,20,1.0,0,2400,2026-01-09 19:17:00
169,Network_D,13.081564,80.271178,-70.89,1.41,99.28,13,37.49,1,2400,2026-01-21 22:38:00
170,Network_A,13.082421,80.269383,-52.5,2.24,15.82,18,70.58,0,5000,2026-01-24 21:26:00
171,Network_D,13.083956,80.271161,-54.85,3.98,49.41,65,42.47,1,2400,2026-01-04 22:53:00
172,Network_D,13.081478,80.270171,-58.55,6.39,65.05,57,39.09,0,2400,2026-01-05 13:08:00
173,Network_B,13.083861,80.271029,-68.65,3.26,103.74,55,7.8,1,2400,2026-01-01 11:11:00
174,Network_D,13.082186,80.269763,-78.38,2.04,98.68,70,7.22,1,5000,2026-01-20 17:31:00
175,Network_B,13.082604,80.270204,-53.19,7.24,62.2,66,23.17,1,2400,2026-01-18 08:40:00
176,Network_A,13.083936,80.269006,-56.82,6.47,45.51,30,38.55,1,5000,2026-01-20 20:42:00
177,Network_B,13.083247,80.271156,-54.62,6.16,14.66,67,31.75,0,5000,2026-01-04 10:20:00
178,Network_D,13.081039,80.271565,-55.6,3.45,15.45,17,36.52,1,2400,2026-01-20 12:58:00
179,Network_B,13.081094,80.271341,-68.98,5.37,115.83,68,7.61,1,2400,2026-01-09 05:04:00
180,Network_D,13.08316,80.271799,-72.51,7.78,98.37,23,28.59,0,2400,2026-01-16 06:31:00
181,Network_B,13.083108,80.27103,-70.68,1.9,113.47,17,41.75,0,5000,2026-01-19 14:46:00
182,Network_A,13.082189,80.270428,-59.28,2.68,68.71,46,39.07,0,5000,2026-01-13 21:04:00
183,Network_D,13.08467,80.271386,-59.49,4.81,50.95,23,41.39,1,2400,2026-01-12 02:37:00
184,Network_D,13.083693,80.270931,-53.53,6.27,31.19,24,55.43,0,2400,2026-01-14 20:01:00
185,Network_B,13.081227,80.271604,-75.74,6.88,123.58,79,1.0,0,2400,2026-01-02 04:44:00
186,Network_A,13.082733,80.26989,-62.97,5.45,86.93,10,52.61,0,5000,2026-01-16 17:36:00
187,Network_D,13.083606,80.272667,-43.41,2.43,19.38,12,59.52,1,5000,2026-01-11 02:46:00
188,Network_C,13.081452,80.270122,-75.33,6.33,118.65,56,11.85,1,5000,2026-01-10 16:24:00
189,Network_B,13.083735,80.271414,-74.19,4.51,114.66,60,25.58,0,2400,2026-01-27 09:39:00
190,Network_D,13.083822,80.269569,-53.22,3.71,24.98,19,58.63,0,5000,2026-01-26 01:00:00
191,Network_B,13.083594,80.269117,-55.64,4.41,37.69,32,38.68,1,2400,2026-01-20 22:51:00
192,Network_C,13.082693,80.269008,-42.79,5.95,13.49,33,46.14,1,2400,2026-01-12 03:24:00
193,Network_D,13.08119,80.271642,-57.71,6.61,39.2,49,27.28,1,5000,2026-01-16 00:21:00
194,Network_A,13.081394,80.27125,-61.51,7.94,76.94,77,7.77,1,5000,2026-01-03 09:51:00
195,Network_A,13.081438,80.270149,-61.01,4.63,53.5,53,30.45,1,5000,2026-01-18 10:42:00
196,Network_B,13.081602,80.270208,-76.56,7.56,71.95,72,1.67,1,5000,2026-01-11 11:18:00
197,Network_C,13.082686,80.270447,-75.71,5.27,110.78,62,17.57,0,5000,2026-01-10 16:55:00
198,Network_A,13.084526,80.268976,-53.2,2.73,13.27,16,56.65,0,5000,2026-01-20 11:27:00
199,Network_B,13.082416,80.272079,-55.1,1.33,43.88,59,34.13,0,5000,2026-01-26 12:48:00
200,Network_C,13.082089,80.272299,-45.81,4.92,8.16,73,35.32,0,5000,2026-01-02 18:19:00
201,Network_D,13.081741,80.271623,-77.85,2.39,147.29,51,3.94,0,2400,2026-01-21 04:15:00
202,Network_D,13.082098,80.269156,-55.41,6.95,26.93,35,42.53,0,2400,2026-01-24 03:40:00
203,Network_B,13.082316,80.27087,-64.08,2.58,119.8,67,30.42,0,2400,2026-01-13 10:41:00
204,Network_B,13.0841,80.271376,-54.16,4.82,72.03,42,38.32,0,2400,2026-01-12 19:14:00
205,Network_D,13.083876,80.270689,-57.92,6.31,54.27,17,63.59,0,2400,2026-01-22 09:18:00
206,Network_B,13.081346,80.269722,-72.65,4.91,142.26,68,18.07,0,5000,2026-01-15 03:14:00
207,Network_D,13.08183,80.270263,-79.21,3.78,120.76,45,1.0,1,2400,2026-01-21 10:50:00
208,Network_D,13.081447,80.269076,-63.24,3.19,56.72,11,56.1,0,5000,2026-01-02 14:05:00
209,Network_D,13.082781,80.27049,-64.57,3.54,85.88,29,29.62,0,5000,2026-01-05 14:29:00
210,Network_A,13.083092,80.268834,-55.52,3.19,57.74,72,25.23,1,2400,2026-01-02 19:11:00
211,Network_A,13.083914,80.270721,-79.98,5.68,145.23,15,17.17,0,5000,2026-01-01 18:45:00
212,Network_B,13.08241,80.269349,-40.77,6.04,6.83,36,89.64,0,5000,2026-01-17 02:12:00
213,Network_C,13.08145,80.272133,-66.9,3.2,123.76,13,33.7,1,5000,2026-01-19 09:15:00
214,Network_A,13.082131,80.270677,-81.27,5.98,125.1,64,2.07,1,2400,2026-01-13 13:39:00
215,Network_B,13.082092,80.270501,-67.31,3.47,113.58,71,26.07,1,5000,2026-01-29 06:38:00
216,Network_C,13.083237,80.269205,-64.79,1.49,103.05,41,24.22,0,5000,2026-01-20 23:55:00
217,Network_A,13.084048,80.269817,-68.92,3.14,98.22,65,34.83,0,2400,2026-01-20 15:16:00
218,Network_A,13.083313,80.272453,-74.21,5.65,131.32,8,27.44,1,2400,2026-01-13 08:01:00
219,Network_D,13.082218,80.269607,-61.27,6.62,60.33,27,36.41,0,5000,2026-01-03 22:49:00
220,Network_B,13.08182,80.272133,-55.86,6.63,47.37,47,33.69,1,2400,2026-01-08 15:22:00
221,Network_D,13.084018,80.269826,-76.19,4.78,131.55,42,12.79,0,2400,2026-01-05 17:36:00
222,Network_D,13.081835,80.271998,-45.21,5.19,15.76,70,20.9,1,5000,2026-01-12 06:32:00
223,Network_A,13.083073,80.272269,-53.49,6.56,31.87,32,52.2,0,2400,2026-01-21 06:05:00
224,Network_B,13.082993,80.271335,-55.71,6.16,41.58,75,7.11,1,5000,2026-01-18 19:14:00
225,Network_A,13.080959,80.272523,-49.75,7.37,8.65,48,38.15,1,2400,2026-01-19 12:09:00
226,Network_D,13.082474,80.271128,-60.94,2.66,96.54,73,28.7,0,5000,2026-01-16 05:09:00
227,Network_D,13.082651,80.271309,-73.31,4.54,142.83,40,27.14,0,2400,2026-01-20 16:49:00
228,Network_A,13.080859,80.271116,-80.07,4.15,136.57,42,1.0,0,5000,2026-01-22 04:39:00
229,Network_A,13.082766,80.268722,-48.07,6.62,6.11,51,42.2,0,5000,2026-01-04 19:22:00
230,Network_B,13.084427,80.270288,-53.84,3.42,17.63,41,49.76,0,2400,2026-01-04 02:52:00
231,Network_D,13.083509,80.272671,-54.56,3.95,24.07,78,6.5,1,2400,2026-01-30 05:32:00
232,Network_D,13.083398,80.269887,-68.24,1.28,109.17,20,40.55,0,5000,2026-01-03 14:24:00
233,Network_C,13.083351,80.269069,-63.27,3.83,91.47,17,35.33,1,5000,2026-01-27 06:22:00
234,Network_A,13.083415,80.270148,-66.74,7.12,91.08,72,24.68,0,5000,2026-01-24 21:16:00
235,Network_B,13.084016,80.272665,-74.39,4.14,123.9,57,31.6,0,5000,2026-01-27 13:24:00
236,Network_A,13.083932,80.269564,-57.92,3.83,72.66,47,36.34,0,2400,2026-01-08 02:13:00
237,Network_B,13.083061,80.269605,-49.22,6.32,60.71,25,53.53,0,5000,2026-01-08 02:33:00
238,Network_C,13.083104,80.271522,-76.66,4.01,104.82,70,7.83,0,2400,2026-01-20 08:00:00
239,Network_C,13.081318,80.268802,-76.72,1.5,98.64,13,33.38,0,5000,2026-01-07 02:07:00
240,Network_A,13.082824,80.272067,-71.97,2.17,89.13,52,21.56,0,5000,2026-01-14 17:59:00
241,Network_C,13.082828,80.269243,-58.69,3.19,19.4,17,42.15,0,5000,2026-01-02 12:09:00
242,Network_A,13.082182,80.270199,-62.8,4.82,73.73,31,40.23,0,2400,2026-01-11 09:33:00
243,Network_D,13.080824,80.272583,-74.38,4.73,117.16,55,15.87,1,2400,2026-01-07 15:29:00
244,Network_D,13.083536,80.269409,-70.22,6.81,78.58,70,22.45,0,5000,2026-01-22 06:54:00
245,Network_D,13.084699,80.269302,-72.7,6.14,123.43,26,15.09,1,2400,2026-01-14 03:51:00
246,Network_D,13.08411,80.271544,-77.84,5.19,136.51,56,4.82,0,5000,2026-01-08 06:45:00
247,Network_A,13.083683,80.270897,-50.15,1.24,13.37,72,47.62,0,2400,2026-01-27 01:29:00
248,Network_D,13.081075,80.271718,-64.5,4.66,76.33,64,2.45,1,2400,2026-01-10 00:31:00
249,Network_A,13.082149,80.271603,-89.67,5.21,134.7,6,1.0,1,2400,2026-01-14 13:03:00
250,Network_C,13.081137,80.272116,-59.2,5.39,68.68,33,9.97,1,5000,2026-01-19 19:43:00
251,Network_B,13.083451,80.271591,-73.4,3.51,105.42,68,8.41,0,2400,2026-01-15 06:16:00
252,Network_B,13.080735,80.272691,-73.46,1.1,103.14,67,21.46,0,2400,2026-01-15 07:40:00
253,Network_D,13.084448,80.271988,-73.84,1.73,122.33,25,30.96,0,5000,2026-01-06 23:25:00
254,Network_C,13.080964,80.270095,-59.74,1.54,21.09,36,33.48,1,5000,2026-01-11 21:57:00
255,Network_D,13.081281,80.27154,-68.29,3.81,101.69,57,14.38,1,2400,2026-01-17 12:22:00
256,Network_A,13.084069,80.270896,-46.79,2.31,36.79,57,41.54,0,5000,2026-01-11 16:09:00
257,Network_D,13.083199,80.268987,-66.96,6.76,103.98,26,28.31,0,5000,2026-01-13 23:31:00
258,Network_A,13.084367,80.271583,-58.02,2.9,63.21,51,43.27,0,2400,2026-01-17 08:25:00
259,Network_A,13.080887,80.269805,-76.17,1.71,107.51,67,21.22,0,2400,2026-01-05 00:33:00
260,Network_D,13.082987,80.272329,-89.83,7.55,141.73,53,1.0,0,5000,2026-01-29 18:30:00
261,Network_B,13.082959,80.272421,-81.07,2.78,127.42,15,18.92,0,5000,2026-01-17 23:07:00
262,Network_C,13.084503,80.27151,-56.04,5.51,48.22,44,40.74,0,5000,2026-01-11 13:26:00
263,Network_D,13.084163,80.270604,-43.92,1.02,21.09,73,32.12,1,5000,2026-01-20 00:04:00
264,Network_A,13.082363,80.271579,-57.74,5.53,58.82,47,44.28,0,2400,2026-01-13 14:15:00
265,Network_D,13.083307,80.271654,-63.64,5.99,50.77,56,41.26,0,2400,2026-01-23 22:02:00
266,Network_C,13.083367,80.271993,-79.23,5.82,118.39,15,19.66,0,5000,2026-01-26 10:09:00
267,Network_B,13.083538,80.272495,-51.68,7.34,9.56,26,54.58,1,2400,2026-01-01 23:21:00
268,Network_D,13.082291,80.271749,-67.07,1.92,70.96,78,10.3,0,2400,2026-01-05 00:58:00
269,Network_C,13.083929,80.269181,-55.37,3.44,43.51,14,73.58,0,2400,2026-01-15 13:23:00
270,Network_A,13.084597,80.272088,-46.24,6.46,8.42,74,35.5,0,2400,2026-01-18 04:50:00
271,Network_A,13.081613,80.269686,-64.68,1.4,75.19,11,59.3,0,5000,2026-01-07 08:51:00
272,Network_B,13.083278,80.270945,-71.1,5.34,117.65,59,7.48,1,5000,2026-01-22 16:26:00
273,Network_A,13.081805,80.272627,-59.75,7.63,81.45,56,36.41,0,2400,2026-01-18 04:14:00
274,Network_A,13.08346,80.27146,-87.84,1.31,139.94,35,2.17,1,2400,2026-01-14 07:27:00
275,Network_A,13.084496,80.272549,-75.3,4.21,95.03,5,29.72,0,2400,2026-01-09 02:51:00
276,Network_A,13.0809,80.272075,-79.58,2.69,147.27,72,11.31,0,5000,2026-01-18 22:51:00
277,Network_D,13.082327,80.272512,-66.28,7.44,80.77,57,12.99,0,5000,2026-01-22 10:33:00
278,Network_B,13.08146,80.27187,-77.03,6.3,136.65,15,17.17,1,5000,2026-01-26 03:11:00
279,Network_D,13.081689,80.271262,-69.25,6.4,101.66,46,15.96,0,5000,2026-01-13 12:20:00
280,Network_D,13.084405,80.269615,-72.72,6.94,96.98,74,1.26,1,5000,2026-01-19 21:56:00
281,Network_C,13.080817,80.270624,-72.05,3.78,101.05,29,15.23,1,2400,2026-01-14 23:27:00
282,Network_A,13.083744,80.270187,-59.24,7.66,61.91,19,40.04,1,5000,2026-01-04 10:36:00
283,Network_D,13.082995,80.270362,-74.53,2.6,127.85,67,18.93,0,5000,2026-01-24 23:40:00
284,Network_A,13.084502,80.271026,-59.33,6.31,68.31,21,71.68,0,2400,2026-01-17 13:34:00
285,Network_C,13.084486,80.27227,-62.09,4.48,65.82,10,63.25,0,2400,2026-01-20 23:43:00
286,Network_C,13.080831,80.271244,-56.07,4.22,57.83,26,36.94,1,2400,2026-01-22 11:08:00
287,Network_D,13.083474,80.271784,-78.87,3.98,99.92,71,11.64,0,2400,2026-01-27 01:44:00
288,Network_A,13.083062,80.268945,-63.71,2.43,57.52,63,30.14,0,5000,2026-01-27 18:58:00
289,Network_B,13.083617,80.272567,-48.29,6.94,37.52,60,48.27,0,5000,2026-01-10 03:16:00
290,Network_A,13.081711,80.269786,-57.68,6.34,23.18,56,30.76,0,2400,2026-01-07 22:54:00
291,Network_B,13.083537,80.269369,-71.71,1.3,118.19,19,23.94,1,5000,2026-01-10 07:42:00
292,Network_A,13.08122,80.27094,-78.79,7.81,118.21,68,11.6,1,5000,2026-01-02 07:54:00
293,Network_B,13.084384,80.271478,-74.79,6.65,110.7,75,16.82,0,5000,2026-01-01 22:43:00
294,Network_D,13.081329,80.269175,-77.52,4.85,115.88,69,25.62,0,5000,2026-01-24 13:19:00
295,Network_D,13.082237,80.268801,-76.97,2.64,126.65,61,16.46,0,5000,2026-01-13 01:36:00
296,Network_A,13.082863,80.270418,-62.63,7.73,49.78,64,25.16,0,5000,2026-01-04 11:06:00
297,Network_C,13.084161,80.269329,-54.01,5.71,49.92,74,24.45,0,5000,2026-01-29 16:54:00
298,Network_C,13.084103,80.272628,-72.33,2.31,96.06,14,27.25,0,2400,2026-01-19 09:40:00
299,Network_C,13.082347,80.27244,-60.53,2.73,67.43,35,49.33,0,5000,2026-01-12 09:22:00
300,Network_B,13.08203,80.268926,-59.0,5.7,59.22,16,44.31,1,5000,2026-01-27 21:09:00
301,Network_A,13.081105,80.269811,-54.55,1.47,45.07,31,39.05,1,5000,2026-01-12 17:41:00
302,Network_B,13.081153,80.270314,-76.21,3.43,111.99,78,23.26,0,2400,2026-01-16 17:05:00
303,Network_A,13.083661,80.271223,-70.26,5.17,84.69,31,25.45,1,5000,2026-01-12 08:26:00
304,Network_A,13.081068,80.271096,-75.36,1.11,95.43,69,19.09,0,2400,2026-01-03 16:09:00
305,Network_A,13.083527,80.27114,-54.31,7.06,50.37,67,19.23,0,2400,2026-01-11 17:18:00
306,Network_C,13.083646,80.272232,-45.27,5.76,34.38,30,56.11,1,2400,2026-01-30 04:51:00
307,Network_C,13.081712,80.270501,-75.34,2.32,143.85,34,18.34,0,5000,2026-01-27 04:25:00
308,Network_B,13.083671,80.270008,-77.21,4.59,134.06,29,21.78,0,5000,2026-01-01 14:19:00
309,Network_A,13.082888,80.271383,-68.72,6.73,106.63,54,14.38,0,2400,2026-01-16 15:20:00
310,Network_B,13.081783,80.26969,-40.0,5.25,14.07,77,33.43,0,5000,2026-01-19 05:29:00
311,Network_B,13.08392,80.271992,-87.06,5.32,140.24,67,4.25,0,2400,2026-01-22 03:51:00
312,Network_C,13.083783,80.27041,-56.71,7.06,34.9,56,35.23,1,5000,2026-01-09 22:15:00
313,Network_C,13.082517,80.271221,-58.28,4.1,41.02,39,45.87,1,5000,2026-01-17 22:57:00
314,Network_C,13.08187,80.270476,-46.92,1.39,8.18,56,30.6,0,5000,2026-01-03 06:38:00
315,Network_A,13.083758,80.270339,-73.5,2.12,100.0,7,19.37,1,5000,2026-01-13 19:32:00
316,Network_B,13.084227,80.271957,-72.74,3.17,104.34,62,11.78,0,5000,2026-01-03 12:06:00
317,Network_A,13.082128,80.270115,-79.63,7.4,125.14,7,27.58,0,5000,2026-01-01 20:00:00
318,Network_B,13.081786,80.269627,-60.17,4.65,51.2,7,50.4,1,2400,2026-01-28 01:47:00
319,Network_C,13.082547,80.270358,-48.57,3.88,6.92,34,29.85,1,2400,2026-01-04 20:00:00
320,Network_C,13.080708,80.271575,-79.03,1.58,111.2,34,12.23,1,5000,2026-01-15 15:53:00
321,Network_B,13.083239,80.271029,-53.89,2.17,22.17,49,34.57,0,2400,2026-01-03 09:33:00
322,Network_D,13.082988,80.272645,-58.6,5.75,65.14,42,33.55,1,2400,2026-01-25 02:36:00
323,Network_B,13.08201,80.270887,-67.32,7.53,88.43,41,45.31,0,5000,2026-01-05 06:40:00
324,Network_C,13.081157,80.271759,-68.17,7.0,103.44,5,52.51,0,2400,2026-01-22 07:38:00
325,Network_D,13.083559,80.272226,-67.5,4.26,111.04,43,35.43,0,2400,2026-01-05 16:53:00
326,Network_A,13.082826,80.270742,-78.07,1.09,123.99,48,1.0,0,5000,2026-01-17 02:25:00
327,Network_C,13.081824,80.269532,-54.46,6.2,11.09,59,26.4,1,5000,2026-01-05 11:56:00
328,Network_A,13.084657,80.269626,-80.75,1.49,141.67,66,1.67,1,2400,2026-01-19 21:17:00
329,Network_D,13.082557,80.271591,-66.8,4.39,100.23,33,16.13,1,2400,2026-01-10 00:46:00
330,Network_D,13.080966,80.271766,-63.89,6.62,89.64,60,25.9,1,2400,2026-01-17 20:15:00
331,Network_D,13.083669,80.26938,-51.83,7.36,33.27,5,76.86,0,5000,2026-01-01 08:09:00
332,Network_A,13.082867,80.271733,-49.17,3.7,49.5,61,34.9,0,2400,2026-01-24 10:02:00
333,Network_B,13.082399,80.272331,-69.17,6.75,78.52,20,38.19,1,2400,2026-01-12 15:27:00
334,Network_B,13.083469,80.269756,-87.4,2.89,141.16,30,12.74,0,5000,2026-01-01 15:22:00
335,Network_D,13.083995,80.268953,-75.19,7.88,117.63,78,20.83,0,5000,2026-01-18 14:24:00
336,Network_A,13.081738,80.268835,-76.37,1.27,132.48,52,1.0,1,2400,2026-01-02 11:03:00
337,Network_B,13.084252,80.270001,-81.26,5.04,135.64,40,16.82,0,5000,2026-01-07 20:27:00
338,Network_C,13.084434,80.271905,-70.76,5.0,102.77,18,31.19,0,2400,2026-01-25 17:38:00
339,Network_D,13.084267,80.272097,-66.13,1.93,63.87,60,32.78,0,5000,2026-01-15 17:08:00
340,Network_A,13.082309,80.270262,-42.03,5.73,15.05,63,51.96,0,5000,2026-01-13 22:42:00
341,Network_C,13.084413,80.272417,-66.0,7.97,54.58,14,43.53,0,5000,2026-01-04 15:12:00
342,Network_B,13.08356,80.271073,-40.0,5.74,12.74,77,31.79,0,2400,2026-01-26 03:02:00
343,Network_A,13.083277,80.272597,-40.74,6.67,15.12,67,46.35,0,5000,2026-01-07 21:41:00
344,Network_B,13.083371,80.272049,-44.63,6.87,29.61,22,62.41,1,2400,2026-01-28 20:11:00
345,Network_D,13.084514,80.272226,-65.22,1.55,89.75,77,26.09,0,5000,2026-01-08 22:13:00
346,Network_D,13.080827,80.270393,-44.66,7.18,17.26,64,44.41,0,5000,2026-01-17 09:16:00
347,Network_C,13.084244,80.269487,-68.5,7.98,111.93,39,16.71,1,2400,2026-01-28 11:02:00
348,Network_A,13.08256,80.27209,-51.09,7.83,14.05,51,31.98,1,5000,2026-01-23 06:53:00
349,Network_A,13.08104,80.270242,-52.12,4.28,15.3,12,62.54,0,2400,2026-01-14 13:39:00
350,Network_C,13.084641,80.269364,-47.68,2.54,21.59,58,33.99,0,2400,2026-01-11 16:48:00
351,Network_D,13.083396,80.26895,-55.78,3.4,35.52,24,57.41,0,2400,2026-01-25 03:39:00
352,Network_B,13.083915,80.269249,-73.13,5.37,89.2,62,16.45,0,2400,2026-01-14 13:20:00
353,Network_C,13.084637,80.270283,-76.5,2.34,108.7,50,4.69,0,5000,2026-01-06 14:40:00
354,Network_C,13.081497,80.26888,-43.25,7.58,23.32,79,26.82,1,2400,2026-01-26 11:23:00
355,Network_D,13.083448,80.271332,-52.01,5.89,21.97,61,29.95,1,5000,2026-01-25 12:23:00
356,Network_A,13.08426,80.271971,-64.27,7.09,78.97,56,41.26,0,2400,2026-01-02 04:15:00
357,Network_C,13.081265,80.270984,-57.51,2.28,31.86,24,33.27,1,5000,2026-01-05 18:15:00
358,Network_C,13.082985,80.269272,-62.49,1.61,59.31,51,33.29,1,2400,2026-01-09 09:40:00
359,Network_B,13.084654,80.268801,-43.01,5.12,41.63,6,107.42,0,2400,2026-01-03 01:45:00
360,Network_B,13.080914,80.270206,-52.73,2.4,38.65,26,45.06,0,5000,2026-01-05 01:30:00
361,Network_A,13.084479,80.27114,-77.62,1.05,139.06,30,24.85,1,5000,2026-01-12 23:50:00
362,Network_B,13.083742,80.270752,-72.64,5.96,107.09,15,27.64,1,5000,2026-01-10 15:18:00
363,Network_A,13.082742,80.271161,-76.72,1.35,137.04,54,46.02,0,2400,2026-01-22 13:07:00
364,Network_A,13.084057,80.269343,-54.92,1.35,8.62,59,33.25,0,2400,2026-01-11 19:09:00
365,Network_D,13.082219,80.271906,-63.14,6.41,61.85,34,41.37,0,2400,2026-01-03 17:24:00
366,Network_D,13.084417,80.270249,-40.98,2.64,14.59,13,88.52,0,2400,2026-01-17 10:26:00
367,Network_B,13.083371,80.272433,-47.98,3.22,43.5,68,35.19,1,2400,2026-01-23 10:43:00
368,Network_B,13.08181,80.269826,-76.79,7.93,144.69,60,24.99,0,5000,2026-01-17 23:03:00
369,Network_D,13.082471,80.269744,-61.04,7.5,54.79,29,34.69,0,5000,2026-01-12 12:07:00
370,Network_D,13.081792,80.270066,-61.2,2.91,70.07,69,30.28,0,2400,2026-01-14 16:58:00
371,Network_D,13.083837,80.27055,-73.41,6.99,130.42,52,6.35,1,2400,2026-01-15 06:46:00
372,Network_D,13.083464,80.269787,-55.8,4.01,32.64,51,21.04,1,2400,2026-01-05 13:49:00
373,Network_A,13.082826,80.269852,-60.21,4.04,76.46,23,35.16,0,5000,2026-01-12 07:00:00
374,Network_B,13.08431,80.270076,-70.1,6.75,111.29,25,25.23,1,5000,2026-01-08 04:57:00
375,Network_A,13.084471,80.269031,-56.66,1.53,41.82,39,46.35,0,2400,2026-01-15 02:36:00
376,Network_A,13.080969,80.271079,-72.67,4.73,112.14,78,7.4,1,2400,2026-01-22 07:03:00
377,Network_C,13.082945,80.269685,-65.09,2.01,66.41,33,42.17,0,5000,2026-01-15 14:31:00
378,Network_A,13.083156,80.269711,-61.78,6.74,88.76,40,24.46,1,5000,2026-01-28 12:13:00
379,Network_C,13.080907,80.270929,-54.11,7.39,27.63,37,57.97,0,2400,2026-01-07 22:08:00
380,Network_C,13.081913,80.27243,-49.6,4.72,22.2,28,50.06,1,5000,2026-01-09 04:35:00
381,Network_B,13.081345,80.271326,-72.84,1.48,145.82,46,25.16,0,2400,2026-01-17 16:42:00
382,Network_C,13.083347,80.269007,-70.03,6.84,56.43,26,32.61,1,2400,2026-01-27 08:32:00
383,Network_C,13.08212,80.270353,-73.53,3.77,102.99,70,15.36,0,5000,2026-01-04 08:27:00
384,Network_D,13.080868,80.270377,-51.58,2.62,29.39,26,53.29,1,2400,2026-01-11 02:16:00
385,Network_C,13.081582,80.272245,-78.99,5.41,140.47,32,17.65,1,5000,2026-01-22 22:41:00
386,Network_A,13.083824,80.270293,-60.83,1.06,69.37,58,28.63,1,5000,2026-01-28 10:51:00
387,Network_D,13.083773,80.270702,-60.45,2.92,67.9,76,8.77,0,5000,2026-01-05 12:39:00
388,Network_C,13.082938,80.272014,-77.42,2.64,108.36,7,27.32,1,5000,2026-01-20 09:38:00
389,Network_B,13.08123,80.270229,-61.28,7.98,94.8,78,13.15,1,2400,2026-01-11 03:06:00
390,Network_A,13.081492,80.268963,-78.93,7.42,133.63,27,1.0,0,2400,2026-01-17 12:39:00
391,Network_D,13.082469,80.271889,-77.87,6.63,110.01,27,24.36,1,5000,2026-01-19 12:31:00
392,Network_B,13.081007,80.26964,-76.94,2.85,125.37,66,13.94,0,2400,2026-01-18 17:53:00
393,Network_B,13.081555,80.27038,-44.43,7.63,6.4,59,40.12,1,2400,2026-01-29 14:38:00
394,Network_D,13.083491,80.270156,-54.63,6.26,87.1,65,42.83,0,5000,2026-01-15 14:54:00
395,Network_D,13.081073,80.270342,-55.67,2.82,28.68,10,38.66,1,5000,2026-01-02 23:23:00
396,Network_B,13.08205,80.272183,-45.89,1.36,17.11,39,38.46,1,2400,2026-01-11 23:10:00
397,Network_B,13.082911,80.269565,-51.17,4.83,35.25,27,58.09,0,5000,2026-01-03 18:09:00
398,Network_B,13.081202,80.269385,-85.12,6.62,124.97,45,11.99,1,2400,2026-01-25 13:09:00
399,Network_D,13.084283,80.269889,-61.92,5.71,38.35,59,24.54,0,5000,2026-01-29 17:07:00
400,Network_B,13.082288,80.269325,-65.99,2.89,112.0,36,24.48,0,2400,2026-01-08 04:54:00
401,Network_D,13.084609,80.271875,-64.89,3.03,100.62,55,22.19,1,2400,2026-01-01 19:21:00
402,Network_B,13.083175,80.271361,-65.01,4.01,77.6,3,49.03,0,2400,2026-01-19 11:47:00
403,Network_C,13.080765,80.271974,-52.47,6.36,10.82,4,49.01,1,5000,2026-01-08 11:30:00
404,Network_B,13.081851,80.269073,-77.77,3.27,144.75,44,15.05,0,5000,2026-01-23 13:03:00
405,Network_A,13.083124,80.272098,-52.12,4.35,11.52,68,42.83,0,2400,2026-01-15 15:07:00
406,Network_B,13.080755,80.269026,-55.24,3.98,42.5,38,45.32,0,2400,2026-01-13 08:33:00
407,Network_C,13.083922,80.270292,-81.3,1.17,121.87,23,16.63,0,5000,2026-01-22 05:24:00
408,Network_B,13.08121,80.271901,-76.87,7.94,130.14,24,19.95,0,5000,2026-01-02 22:16:00
409,Network_D,13.083405,80.271419,-84.95,5.63,142.16,72,1.0,1,2400,2026-01-05 23:08:00
410,Network_C,13.082926,80.270071,-49.97,1.72,24.51,45,55.21,0,2400,2026-01-10 11:46:00
411,Network_A,13.082917,80.269293,-42.93,3.69,18.35,68,32.41,1,5000,2026-01-14 07:22:00
412,Network_A,13.08226,80.27062,-51.58,1.61,25.01,18,51.61,1,5000,2026-01-25 03:14:00
413,Network_A,13.08198,80.270606,-52.05,5.15,51.15,53,42.09,0,5000,2026-01-19 23:32:00
414,Network_C,13.081178,80.270991,-57.18,7.96,42.23,47,40.59,1,2400,2026-01-28 03:39:00
415,Network_A,13.081838,80.270472,-70.43,1.88,94.48,44,28.12,0,2400,2026-01-18 19:05:00
416,Network_C,13.083042,80.270865,-43.47,2.64,17.47,28,89.58,0,2400,2026-01-14 05:21:00
417,Network_C,13.081787,80.270297,-72.78,7.84,91.8,74,16.62,0,5000,2026-01-13 17:50:00
418,Network_D,13.080999,80.272331,-77.32,3.36,149.5,53,16.61,1,5000,2026-01-24 04:07:00
419,Network_D,13.080928,80.271766,-65.58,3.77,106.81,51,11.66,1,5000,2026-01-08 11:22:00
420,Network_D,13.084439,80.269704,-48.47,3.64,22.46,56,44.91,0,2400,2026-01-20 00:45:00
421,Network_B,13.080944,80.270697,-50.79,7.9,20.42,49,43.29,1,5000,2026-01-29 14:43:00
422,Network_B,13.080946,80.271955,-78.34,2.06,141.37,12,22.03,0,5000,2026-01-09 00:49:00
423,Network_B,13.084173,80.269889,-53.15,5.34,28.57,6,70.62,0,5000,2026-01-22 11:08:00
424,Network_C,13.081166,80.269717,-47.02,5.15,47.84,20,74.31,0,2400,2026-01-19 20:31:00
425,Network_C,13.081306,80.270431,-65.32,6.8,91.37,32,48.12,0,5000,2026-01-05 10:51:00
426,Network_B,13.082139,80.269928,-59.16,7.91,33.3,8,52.6,1,5000,2026-01-09 06:47:00
427,Network_B,13.082578,80.270391,-80.35,5.33,149.37,41,5.62,1,2400,2026-01-30 16:22:00
428,Network_A,13.081821,80.269229,-68.52,1.38,68.78,5,53.41,0,5000,2026-01-19 07:07:00
429,Network_B,13.081565,80.27047,-45.87,5.12,12.01,24,73.95,0,2400,2026-01-13 21:25:00
430,Network_B,13.083838,80.271094,-61.0,5.24,65.05,53,28.9,1,2400,2026-01-30 02:33:00
431,Network_A,13.083978,80.271999,-70.85,4.8,119.22,17,20.59,1,2400,2026-01-19 09:18:00
432,Network_C,13.081438,80.269509,-60.91,4.58,61.07,21,31.52,1,5000,2026-01-15 05:10:00
433,Network_B,13.081281,80.270723,-47.87,4.96,14.0,11,70.67,0,2400,2026-01-13 02:00:00
434,Network_C,13.081092,80.268876,-42.45,1.32,31.87,74,41.23,0,2400,2026-01-23 23:13:00
435,Network_D,13.084636,80.271886,-78.3,1.41,114.73,8,20.38,1,2400,2026-01-20 05:12:00
436,Network_B,13.084412,80.269065,-61.42,1.39,46.46,58,33.55,0,2400,2026-01-22 11:51:00
437,Network_D,13.080796,80.270041,-45.02,3.21,30.68,47,60.05,0,2400,2026-01-01 19:01:00
438,Network_B,13.08389,80.27141,-62.0,1.51,84.3,57,21.67,1,2400,2026-01-07 09:10:00
439,Network_A,13.083449,80.272546,-61.19,6.18,110.89,25,44.19,0,2400,2026-01-30 17:53:00
440,Network_D,13.083623,80.27038,-65.04,7.06,88.86,51,25.33,1,2400,2026-01-10 16:01:00
441,Network_C,13.082363,80.270894,-60.06,1.95,63.4,37,41.46,0,5000,2026-01-03 00:07:00
442,Network_D,13.083621,80.270987,-63.21,3.48,67.94,66,10.07,1,2400,2026-01-27 05:42:00
443,Network_D,13.082131,80.271075,-67.63,4.87,88.46,47,17.3,0,5000,2026-01-23 15:46:00
444,Network_C,13.080801,80.270119,-82.64,5.86,118.13,59,9.08,1,5000,2026-01-21 02:47:00
445,Network_D,13.081222,80.270462,-62.39,3.23,51.01,43,39.97,0,2400,2026-01-28 17:32:00
446,Network_B,13.081065,80.269975,-49.02,1.43,20.18,21,42.44,1,2400,2026-01-05 21:16:00
447,Network_D,13.082786,80.272286,-48.68,5.18,33.46,21,52.61,1,2400,2026-01-06 02:29:00
448,Network_C,13.081723,80.27001,-49.63,3.69,28.87,47,44.58,0,5000,2026-01-28 18:45:00
449,Network_D,13.084026,80.269409,-68.72,5.05,109.85,75,19.56,1,5000,2026-01-01 19:51:00
450,Network_A,13.081935,80.269874,-52.58,5.95,43.57,7,55.04,0,5000,2026-01-12 19:26:00
451,Network_B,13.083964,80.268776,-74.91,5.47,111.71,65,11.3,0,2400,2026-01-27 17:38:00
452,Network_A,13.081253,80.272136,-70.04,6.31,77.51,54,28.03,0,5000,2026-01-23 14:47:00
453,Network_D,13.081539,80.272606,-70.55,6.47,98.61,33,24.32,1,5000,2026-01-23 04:06:00
454,Network_A,13.08143,80.272561,-54.83,3.57,67.09,77,25.39,1,5000,2026-01-18 07:00:00
455,Network_C,13.082293,80.268727,-62.8,3.27,80.89,37,32.49,1,2400,2026-01-04 21:06:00
456,Network_B,13.083266,80.268802,-76.15,6.69,119.26,44,21.25,0,2400,2026-01-30 02:52:00
457,Network_C,13.084129,80.271759,-49.91,5.78,26.27,27,63.27,0,5000,2026-01-11 18:31:00
458,Network_C,13.082742,80.26918,-55.7,1.96,50.25,50,42.52,0,5000,2026-01-28 21:17:00
459,Network_C,13.083948,80.272483,-52.45,5.74,50.37,70,30.45,1,2400,2026-01-15 00:53:00
460,Network_A,13.080915,80.27157,-65.24,2.18,73.94,77,21.71,1,2400,2026-01-07 04:01:00
461,Network_C,13.083582,80.270744,-61.78,6.81,92.63,49,32.18,0,5000,2026-01-28 22:05:00
462,Network_C,13.083523,80.272389,-55.3,5.28,25.59,72,24.37,0,5000,2026-01-17 21:27:00
463,Network_C,13.081695,80.272468,-59.69,1.97,48.25,15,50.61,1,5000,2026-01-26 15:42:00
464,Network_D,13.08281,80.269386,-54.87,1.85,29.28,27,54.12,0,5000,2026-01-11 04:05:00
465,Network_B,13.080993,80.271353,-76.02,6.5,91.33,37,1.0,1,5000,2026-01-14 05:45:00
466,Network_D,13.082376,80.270532,-55.13,3.25,42.21,8,78.3,0,2400,2026-01-16 20:52:00
467,Network_A,13.084383,80.27008,-50.09,2.54,12.94,11,61.72,0,5000,2026-01-22 21:51:00
468,Network_B,13.083669,80.269371,-49.87,7.5,22.45,3,75.95,0,5000,2026-01-08 04:44:00
469,Network_B,13.080992,80.271676,-68.17,7.42,108.1,64,13.81,0,2400,2026-01-05 04:01:00
470,Network_B,13.081798,80.271199,-40.88,5.81,16.77,63,44.0,0,2400,2026-01-17 02:25:00
471,Network_C,13.083386,80.268827,-62.41,2.96,82.57,67,3.41,1,2400,2026-01-06 17:23:00
472,Network_B,13.081089,80.271525,-55.45,3.36,55.11,29,47.97,0,2400,2026-01-01 04:00:00
473,Network_A,13.081634,80.268973,-61.89,3.92,32.13,32,45.0,0,2400,2026-01-13 21:17:00
474,Network_A,13.08365,80.270848,-70.36,7.96,126.8,40,18.38,0,2400,2026-01-01 20:30:00
475,Network_B,13.084363,80.271572,-56.99,6.17,46.12,18,45.79,0,2400,2026-01-07 10:29:00
476,Network_D,13.081549,80.269162,-78.28,6.62,126.28,9,21.7,0,2400,2026-01-02 11:55:00
477,Network_C,13.084214,80.27251,-62.92,5.91,114.41,52,20.58,0,2400,2026-01-08 13:31:00
478,Network_B,13.083319,80.270345,-71.51,6.55,101.19,8,26.96,0,2400,2026-01-04 20:09:00
479,Network_A,13.084523,80.272515,-56.24,1.99,56.09,57,25.52,1,5000,2026-01-07 05:57:00
480,Network_C,13.082611,80.270613,-66.92,4.15,116.36,43,33.29,1,2400,2026-01-19 12:15:00
481,Network_C,13.083933,80.268976,-53.21,3.49,53.54,73,10.23,1,5000,2026-01-22 03:15:00
482,Network_A,13.082228,80.269229,-57.29,5.5,33.52,58,25.6,0,5000,2026-01-09 22:21:00
483,Network_C,13.083551,80.269473,-74.83,4.62,73.34,15,22.41,0,2400,2026-01-12 05:09:00
484,Network_D,13.08346,80.269964,-55.25,3.71,13.08,47,47.01,0,5000,2026-01-11 17:59:00
485,Network_A,13.081059,80.272343,-51.78,3.15,5.88,19,63.98,0,5000,2026-01-18 20:13:00
486,Network_D,13.083559,80.269661,-64.46,7.14,69.35,44,30.59,0,2400,2026-01-24 03:24:00
487,Network_B,13.081505,80.272261,-50.41,5.08,21.66,49,33.73,1,2400,2026-01-08 23:08:00
488,Network_C,13.082697,80.269566,-78.02,5.84,131.53,48,3.8,1,5000,2026-01-27 15:27:00
489,Network_A,13.081461,80.272369,-69.33,3.19,85.27,5,25.62,0,2400,2026-01-18 12:41:00
490,Network_C,13.084643,80.271865,-65.25,1.29,92.2,56,10.25,0,2400,2026-01-12 00:56:00
491,Network_B,13.08095,80.27025,-56.1,4.36,89.6,73,14.49,1,2400,2026-01-14 06:17:00
492,Network_B,13.083086,80.270639,-51.44,4.72,8.9,28,42.29,1,5000,2026-01-09 00:29:00
493,Network_A,13.084292,80.2708,-73.62,1.86,107.56,30,11.68,0,5000,2026-01-13 11:45:00
494,Network_B,13.084609,80.269669,-69.39,2.07,101.18,61,24.92,1,2400,2026-01-11 20:27:00
495,Network_D,13.083779,80.272602,-60.79,1.48,88.17,66,15.62,0,5000,2026-01-24 02:51:00
496,Network_D,13.083963,80.271089,-54.7,3.38,62.08,29,39.46,1,2400,2026-01-12 22:39:00
497,Network_C,13.08409,80.269427,-59.27,4.75,67.4,17,46.07,0,5000,2026-01-26 21:08:00
498,Network_D,13.081988,80.270939,-81.01,7.67,129.4,16,26.81,1,5000,2026-01-01 06:03:00
499,Network_C,13.081736,80.268911,-74.41,4.73,110.28,14,21.91,0,5000,2026-01-22 09:45:00
500,Network_A,13.083169,80.272579,-72.24,5.14,110.51,10,33.55,0,2400,2026-01-20 02:38:00
501,Network_D,13.082659,80.270815,-65.44,6.64,53.49,10,34.5,1,5000,2026-01-08 06:52:00
502,Network_B,13.084124,80.2717,-76.66,3.02,121.74,28,22.23,1,5000,2026-01-06 11:08:00
503,Network_D,13.081964,80.272109,-47.04,1.44,10.94,53,43.94,0,5000,2026-01-06 14:44:00
504,Network_D,13.081418,80.269825,-55.35,6.25,71.35,78,23.22,0,2400,2026-01-13 02:00:00
505,Network_D,13.082212,80.272625,-65.36,3.97,72.61,33,46.29,0,5000,2026-01-21 02:40:00
506,Network_A,13.081704,80.269102,-55.5,3.42,62.02,20,60.09,0,5000,2026-01-05 16:07:00
507,Network_A,13.084239,80.269625,-57.37,2.99,63.62,70,42.38,1,5000,2026-01-21 10:12:00
508,Network_B,13.082628,80.271731,-53.88,1.39,45.88,10,64.44,0,5000,2026-01-09 02:33:00
509,Network_B,13.080956,80.26997,-59.01,6.26,36.95,4,60.21,0,5000,2026-01-17 01:21:00
510,Network_A,13.084143,80.27148,-41.3,3.42,6.53,25,74.53,0,5000,2026-01-18 07:04:00
511,Network_D,13.081342,80.270849,-58.09,3.21,32.83,17,62.28,0,2400,2026-01-02 05:58:00
512,Network_D,13.082309,80.269892,-70.84,2.46,95.69,28,13.71,1,2400,2026-01-16 12:36:00
513,Network_D,13.08171,80.270471,-74.97,3.23,127.85,46,22.03,0,2400,2026-01-18 05:51:00
514,Network_D,13.08085,80.270721,-54.12,1.85,63.44,79,36.5,0,2400,2026-01-02 19:57:00
515,Network_C,13.084453,80.269802,-53.2,7.51,53.17,76,33.15,0,2400,2026-01-17 02:45:00
516,Network_C,13.080955,80.270249,-49.74,7.84,46.0,78,35.27,0,2400,2026-01-20 03:46:00
517,Network_A,13.084178,80.269423,-83.98,6.29,142.41,6,2.67,0,2400,2026-01-26 21:32:00
518,Network_B,13.083669,80.269613,-49.58,2.18,13.48,19,52.92,0,2400,2026-01-04 10:31:00
519,Network_C,13.083009,80.271396,-41.33,1.54,7.42,61,43.04,0,2400,2026-01-13 22:46:00
520,Network_B,13.084436,80.269224,-66.85,3.18,120.62,45,29.37,0,5000,2026-01-15 16:48:00
521,Network_D,13.082139,80.270845,-68.79,3.06,109.02,32,22.62,1,5000,2026-01-11 22:08:00
522,Network_B,13.084155,80.272687,-58.6,2.54,66.89,55,37.05,0,2400,2026-01-28 15:48:00
523,Network_C,13.082711,80.272058,-75.6,4.59,99.37,54,15.15,1,5000,2026-01-11 16:06:00
524,Network_A,13.081365,80.270031,-86.97,7.24,141.29,12,4.97,0,2400,2026-01-24 18:35:00
525,Network_D,13.080901,80.269087,-76.6,1.28,109.47,11,19.67,0,5000,2026-01-11 10:32:00
526,Network_B,13.082571,80.271124,-62.58,4.75,67.11,12,56.85,0,2400,2026-01-10 07:02:00
527,Network_B,13.08265,80.272481,-43.46,2.84,13.3,23,76.18,0,5000,2026-01-04 23:24:00
528,Network_C,13.08232,80.272695,-52.21,2.08,12.97,57,40.87,0,5000,2026-01-22 09:48:00
529,Network_B,13.081913,80.272566,-76.51,7.37,141.98,68,1.0,1,5000,2026-01-06 14:30:00
530,Network_B,13.081346,80.272543,-56.45,6.13,82.94,41,29.27,1,5000,2026-01-18 00:38:00
531,Network_A,13.08423,80.269088,-50.86,3.07,13.08,44,34.8,1,5000,2026-01-07 01:20:00
532,Network_B,13.083789,80.269382,-64.44,6.47,60.75,26,24.76,0,2400,2026-01-26 02:40:00
533,Network_A,13.081598,80.270718,-70.23,7.77,42.82,29,27.22,1,2400,2026-01-01 11:18:00
534,Network_A,13.082977,80.272172,-71.57,1.65,89.55,40,35.97,0,2400,2026-01-30 20:42:00
535,Network_A,13.081676,80.272567,-84.73,7.27,143.93,66,1.0,0,5000,2026-01-13 22:25:00
536,Network_C,13.081392,80.269767,-52.37,6.75,22.33,3,53.08,1,2400,2026-01-22 10:19:00
537,Network_B,13.081983,80.269469,-57.81,4.11,49.87,19,57.1,0,5000,2026-01-22 21:28:00
538,Network_C,13.0841,80.270224,-64.25,7.91,76.93,53,26.76,0,5000,2026-01-13 03:25:00
539,Network_B,13.084075,80.270541,-48.1,4.81,36.55,6,67.38,0,5000,2026-01-27 08:19:00
540,Network_B,13.083741,80.27159,-52.23,7.06,6.07,26,44.61,1,2400,2026-01-17 08:24:00
541,Network_A,13.080972,80.269968,-48.26,7.01,43.69,15,73.31,0,2400,2026-01-10 12:51:00
542,Network_D,13.08163,80.271243,-85.74,2.23,148.98,24,12.48,0,2400,2026-01-06 20:18:00
543,Network_D,13.082485,80.271608,-65.95,7.41,105.47,59,31.17,1,5000,2026-01-24 04:47:00
544,Network_A,13.080708,80.269743,-69.06,4.83,80.15,36,33.7,0,2400,2026-01-29 03:22:00
545,Network_A,13.082668,80.269941,-63.02,2.81,31.36,27,42.2,0,2400,2026-01-29 08:28:00
546,Network_C,13.081125,80.271804,-77.59,5.51,122.15,74,11.79,0,5000,2026-01-27 12:16:00
547,Network_B,13.083927,80.269707,-85.59,2.86,124.44,50,3.8,1,2400,2026-01-28 04:16:00
548,Network_D,13.081117,80.269282,-89.9,1.75,132.18,55,16.44,0,5000,2026-01-06 12:39:00
549,Network_A,13.081001,80.26915,-51.07,2.82,12.15,40,48.67,0,5000,2026-01-28 12:49:00
550,Network_A,13.08404,80.271541,-54.84,5.47,21.31,53,46.84,0,5000,2026-01-05 23:30:00
551,Network_D,13.081817,80.272423,-41.74,6.85,8.57,48,65.45,0,5000,2026-01-03 19:22:00
552,Network_C,13.083285,80.271289,-51.53,1.28,23.61,53,49.73,0,5000,2026-01-21 06:03:00
553,Network_A,13.082537,80.26892,-57.84,5.49,66.9,78,22.06,0,2400,2026-01-01 00:48:00
554,Network_C,13.08459,80.27014,-56.72,5.64,74.29,28,42.33,0,5000,2026-01-15 09:50:00
555,Network_C,13.08111,80.268748,-51.34,7.09,25.26,29,46.95,1,5000,2026-01-20 18:37:00
556,Network_C,13.081249,80.272451,-49.36,3.34,56.03,74,18.53,1,2400,2026-01-17 05:40:00
557,Network_D,13.083583,80.270756,-65.91,5.08,92.83,28,45.66,1,5000,2026-01-17 18:23:00
558,Network_D,13.081453,80.269437,-42.57,1.12,13.27,30,73.52,0,2400,2026-01-22 08:13:00
559,Network_A,13.082007,80.270098,-64.13,5.07,91.47,7,47.73,1,5000,2026-01-10 00:03:00
560,Network_A,13.081204,80.269219,-76.49,1.74,103.05,69,12.34,1,5000,2026-01-24 03:32:00
561,Network_B,13.080983,80.271342,-75.75,7.65,122.33,67,29.08,0,2400,2026-01-27 22:24:00
562,Network_A,13.080834,80.271019,-56.51,2.65,29.14,47,34.99,1,2400,2026-01-04 20:57:00
563,Network_C,13.084604,80.269589,-57.89,7.27,35.18,17,48.09,1,2400,2026-01-19 23:28:00
564,Network_C,13.082674,80.272347,-88.22,7.15,139.56,35,1.0,0,2400,2026-01-28 17:37:00
565,Network_A,13.083155,80.269592,-70.95,4.65,84.12,62,23.09,0,5000,2026-01-29 06:53:00
566,Network_B,13.082043,80.270998,-69.82,3.96,79.64,55,22.13,0,5000,2026-01-08 14:11:00
567,Network_A,13.08136,80.269198,-63.1,1.38,58.06,49,26.33,0,5000,2026-01-07 02:33:00
568,Network_A,13.082424,80.270742,-60.59,2.28,25.39,50,18.7,1,2400,2026-01-16 00:02:00
569,Network_B,13.083447,80.269674,-74.11,7.37,120.79,18,24.58,0,2400,2026-01-18 06:05:00
570,Network_C,13.081013,80.270994,-46.37,7.67,19.26,11,58.81,1,5000,2026-01-26 16:03:00
571,Network_B,13.081772,80.272349,-74.0,6.04,96.81,31,24.79,1,5000,2026-01-27 14:48:00
572,Network_A,13.083992,80.26964,-61.75,1.75,99.58,47,21.51,0,5000,2026-01-22 12:14:00
573,Network_D,13.083979,80.272697,-49.65,7.76,35.66,39,44.64,0,5000,2026-01-16 19:23:00
574,Network_A,13.081243,80.27261,-83.74,1.7,144.83,78,1.0,1,5000,2026-01-14 06:48:00
575,Network_A,13.081054,80.270069,-87.71,2.17,147.3,46,17.39,0,2400,2026-01-22 01:37:00
576,Network_A,13.081274,80.271332,-76.04,3.14,110.48,71,17.52,0,5000,2026-01-01 12:47:00
577,Network_D,13.081396,80.270145,-70.34,4.74,97.41,15,29.52,0,2400,2026-01-05 08:29:00
578,Network_D,13.082428,80.271886,-68.91,5.23,91.34,20,42.64,0,5000,2026-01-24 09:55:00
579,Network_B,13.083275,80.269809,-67.69,5.35,70.2,59,13.13,1,2400,2026-01-11 20:35:00
580,Network_D,13.084155,80.270327,-73.61,4.19,115.54,52,16.1,0,2400,2026-01-17 20:11:00
581,Network_A,13.081282,80.272212,-56.21,2.25,44.03,74,27.25,0,5000,2026-01-08 00:20:00
582,Network_A,13.083013,80.271091,-72.83,1.37,112.14,20,24.84,0,5000,2026-01-25 23:43:00
583,Network_A,13.084683,80.270621,-59.79,6.61,75.45,40,41.3,0,5000,2026-01-25 02:34:00
584,Network_A,13.082669,80.269469,-61.66,3.35,72.27,8,51.52,0,5000,2026-01-03 18:21:00
585,Network_B,13.084295,80.270526,-52.03,2.27,26.67,57,45.96,0,2400,2026-01-25 22:11:00
586,Network_B,13.084113,80.272434,-81.53,1.2,140.23,61,1.0,1,5000,2026-01-25 12:32:00
587,Network_C,13.081138,80.272563,-58.88,6.02,30.34,71,24.92,1,5000,2026-01-13 19:40:00
588,Network_B,13.081102,80.270737,-54.05,4.73,8.58,13,44.4,1,5000,2026-01-01 00:28:00
589,Network_C,13.083241,80.268866,-54.77,1.73,34.99,34,55.68,0,5000,2026-01-21 11:45:00
590,Network_B,13.084133,80.270332,-75.41,1.22,147.14,55,18.18,1,5000,2026-01-20 20:01:00
591,Network_A,13.083195,80.269236,-50.83,4.64,21.79,46,48.9,0,2400,2026-01-01 17:20:00
592,Network_C,13.083457,80.270066,-56.82,4.79,36.26,32,53.55,0,2400,2026-01-15 09:46:00
593,Network_A,13.080899,80.2693,-56.37,1.12,82.95,62,40.33,0,2400,2026-01-21 17:05:00
594,Network_D,13.082967,80.272429,-80.56,4.49,101.56,40,26.34,1,2400,2026-01-03 09:37:00
595,Network_A,13.083761,80.270641,-56.9,7.11,26.66,14,47.65,1,2400,2026-01-30 08:34:00
596,Network_D,13.08375,80.27104,-52.82,2.45,43.6,35,54.06,0,5000,2026-01-01 03:31:00
597,Network_D,13.08396,80.269743,-56.44,1.55,48.05,46,42.84,0,5000,2026-01-16 23:18:00
598,Network_D,13.083165,80.272543,-81.93,2.92,135.92,43,10.07,1,5000,2026-01-04 18:24:00
599,Network_B,13.084166,80.271074,-56.77,5.9,23.43,25,37.43,1,2400,2026-01-18 08:48:00
600,Network_A,13.083959,80.272445,-64.61,3.76,79.46,21,36.5,1,5000,2026-01-28 10:20:00
601,Network_B,13.082661,80.272087,-84.86,4.44,125.63,19,1.0,1,5000,2026-01-30 03:14:00
602,Network_D,13.082646,80.270036,-54.54,4.22,20.49,9,61.43,0,5000,2026-01-08 02:55:00
603,Network_D,13.081028,80.269894,-76.65,2.29,102.49,8,17.49,0,5000,2026-01-23 12:08:00
604,Network_B,13.081006,80.271356,-64.06,6.06,39.45,72,14.83,1,2400,2026-01-08 10:22:00
605,Network_A,13.08411,80.269493,-71.34,3.23,131.79,31,20.68,0,2400,2026-01-11 02:47:00
606,Network_D,13.081028,80.269484,-80.77,7.46,141.85,20,13.46,1,2400,2026-01-16 19:14:00
607,Network_D,13.080852,80.271615,-66.48,3.68,81.57,13,30.13,1,5000,2026-01-07 09:10:00
608,Network_D,13.08361,80.269161,-72.94,7.16,90.28,28,30.95,0,5000,2026-01-21 02:22:00
609,Network_D,13.082342,80.272433,-70.14,3.53,97.42,10,38.54,1,2400,2026-01-26 01:53:00
610,Network_C,13.081081,80.26881,-65.75,6.07,63.53,58,29.18,0,2400,2026-01-23 14:16:00
611,Network_A,13.083683,80.272682,-66.3,1.11,101.52,25,37.43,0,5000,2026-01-19 10:47:00
612,Network_A,13.081519,80.270966,-71.69,2.96,99.18,45,7.93,0,5000,2026-01-02 22:05:00
613,Network_C,13.08423,80.270987,-57.96,4.49,53.09,30,62.42,0,5000,2026-01-27 06:40:00
614,Network_D,13.083852,80.269889,-48.94,5.5,24.67,36,36.72,1,2400,2026-01-07 21:30:00
615,Network_B,13.081323,80.269674,-80.64,7.44,127.12,37,22.59,1,5000,2026-01-08 08:58:00
616,Network_B,13.081962,80.271856,-69.29,2.7,103.86,7,44.4,0,5000,2026-01-04 01:01:00
617,Network_D,13.082166,80.270193,-48.52,2.33,26.95,64,46.14,0,2400,2026-01-07 17:17:00
618,Network_A,13.081185,80.272644,-67.89,7.38,118.2,69,3.91,0,2400,2026-01-09 16:57:00
619,Network_D,13.081337,80.270117,-53.43,2.51,65.82,36,42.73,0,5000,2026-01-02 18:48:00
620,Network_D,13.082361,80.269377,-48.27,3.01,32.19,29,64.4,0,2400,2026-01-15 10:43:00
621,Network_C,13.080849,80.27237,-60.96,2.33,102.6,77,1.0,1,5000,2026-01-20 18:29:00
622,Network_B,13.08109,80.269912,-66.45,1.46,97.54,76,15.63,0,2400,2026-01-16 12:52:00
623,Network_B,13.082158,80.272075,-52.12,6.34,33.27,35,63.69,0,5000,2026-01-05 18:12:00
624,Network_A,13.082428,80.272566,-64.24,7.66,70.57,55,12.69,1,5000,2026-01-30 08:24:00
625,Network_C,13.082101,80.269033,-67.35,4.1,110.06,37,17.99,1,5000,2026-01-18 20:55:00
626,Network_B,13.082716,80.268754,-53.97,7.22,57.62,54,32.25,1,2400,2026-01-25 00:32:00
627,Network_D,13.081478,80.270948,-56.4,5.95,50.61,15,54.3,0,2400,2026-01-22 13:01:00
628,Network_D,13.081473,80.272503,-64.35,1.26,64.26,13,45.35,0,5000,2026-01-26 06:30:00
629,Network_A,13.081672,80.271679,-53.21,3.0,29.39,37,27.29,1,2400,2026-01-19 09:09:00
630,Network_C,13.083923,80.272001,-69.31,2.88,130.89,66,12.78,0,5000,2026-01-22 18:39:00
631,Network_C,13.082977,80.272383,-90.0,7.62,145.42,57,16.34,0,2400,2026-01-05 08:33:00
632,Network_A,13.083218,80.269728,-74.97,1.42,121.12,44,32.73,1,2400,2026-01-10 06:14:00
633,Network_D,13.083126,80.27141,-62.25,7.63,81.24,56,35.3,1,5000,2026-01-03 08:10:00
634,Network_A,13.083282,80.272268,-71.54,2.86,111.27,10,33.88,0,2400,2026-01-14 00:48:00
635,Network_B,13.082472,80.270946,-72.96,4.08,128.11,66,10.63,1,2400,2026-01-28 00:51:00
636,Network_D,13.080939,80.272254,-57.53,7.58,52.72,33,31.19,0,5000,2026-01-15 13:42:00
637,Network_A,13.081202,80.269944,-74.67,6.58,133.46,8,28.38,1,2400,2026-01-15 07:15:00
638,Network_C,13.082045,80.271047,-53.58,6.49,19.92,33,51.36,1,5000,2026-01-30 00:43:00
639,Network_A,13.083799,80.270949,-74.95,1.15,85.14,22,26.35,0,2400,2026-01-18 23:32:00
640,Network_B,13.084698,80.27119,-58.06,1.35,67.49,64,17.37,0,5000,2026-01-12 02:46:00
641,Network_B,13.083162,80.270323,-54.12,5.8,10.96,19,38.66,1,2400,2026-01-11 13:07:00
642,Network_D,13.080921,80.270852,-43.66,5.53,15.23,64,36.45,1,5000,2026-01-30 01:11:00
643,Network_B,13.083698,80.27161,-74.89,7.79,96.33,18,11.85,0,5000,2026-01-02 21:39:00
644,Network_D,13.084047,80.269355,-55.44,2.67,45.16,51,26.93,1,2400,2026-01-07 20:03:00
645,Network_D,13.082345,80.269281,-64.75,7.88,81.03,26,43.07,0,5000,2026-01-26 21:50:00
646,Network_D,13.083786,80.272361,-78.91,6.48,128.9,14,20.69,0,2400,2026-01-21 17:03:00
647,Network_B,13.084081,80.271609,-84.03,2.48,147.21,68,1.0,1,2400,2026-01-29 03:24:00
648,Network_A,13.084694,80.268799,-71.36,4.88,126.11,77,6.76,1,2400,2026-01-29 02:33:00
649,Network_C,13.084401,80.272172,-63.69,5.36,77.45,72,13.58,1,2400,2026-01-28 13:49:00
650,Network_C,13.084617,80.271485,-66.62,6.25,102.44,67,13.85,0,5000,2026-01-06 15:28:00
651,Network_D,13.081735,80.268804,-53.45,5.16,46.36,27,53.8,0,5000,2026-01-20 17:39:00
652,Network_D,13.083975,80.269167,-63.9,4.85,100.12,35,30.68,0,5000,2026-01-24 11:57:00
653,Network_D,13.084002,80.26894,-59.86,5.63,59.55,68,26.01,1,5000,2026-01-14 15:37:00
654,Network_B,13.082451,80.270059,-77.25,3.49,109.26,26,8.26,1,2400,2026-01-19 04:45:00
655,Network_C,13.081789,80.26917,-54.64,4.73,41.54,59,33.13,1,5000,2026-01-26 17:46:00
656,Network_A,13.082793,80.269167,-47.31,3.16,23.71,25,68.09,0,2400,2026-01-29 23:08:00
657,Network_A,13.080845,80.269107,-75.23,4.51,110.63,53,6.9,0,5000,2026-01-29 14:52:00
658,Network_B,13.08264,80.270863,-73.7,5.85,123.66,44,11.7,1,2400,2026-01-27 12:19:00
659,Network_D,13.082897,80.272419,-80.99,5.27,142.44,12,10.17,0,5000,2026-01-12 13:34:00
660,Network_C,13.083108,80.27149,-58.17,6.07,18.12,40,31.68,1,5000,2026-01-08 19:29:00
661,Network_C,13.081492,80.270452,-51.64,4.65,64.27,73,17.52,0,5000,2026-01-11 22:34:00
662,Network_A,13.082989,80.270467,-56.51,6.3,55.27,14,46.68,1,5000,2026-01-24 15:57:00
663,Network_B,13.082083,80.271931,-53.37,2.77,40.72,28,63.9,0,5000,2026-01-30 16:13:00
664,Network_A,13.081633,80.272158,-64.82,4.8,49.86,12,23.89,1,5000,2026-01-27 02:19:00
665,Network_C,13.081834,80.269836,-68.09,5.27,74.93,4,53.21,0,5000,2026-01-18 13:58:00
666,Network_C,13.082216,80.269911,-52.83,7.32,71.61,70,35.47,0,5000,2026-01-22 10:29:00
667,Network_B,13.083995,80.272128,-61.94,2.62,65.19,71,16.1,0,2400,2026-01-01 08:06:00
668,Network_C,13.083683,80.268841,-61.45,4.32,88.39,62,28.86,0,2400,2026-01-22 23:19:00
669,Network_D,13.081344,80.270953,-79.59,7.03,141.85,12,6.34,1,2400,2026-01-14 01:44:00
670,Network_D,13.08369,80.272699,-72.29,5.11,110.12,58,10.18,0,2400,2026-01-20 19:49:00
671,Network_C,13.084361,80.270561,-40.45,1.45,14.16,43,76.07,0,5000,2026-01-15 05:33:00
672,Network_D,13.081629,80.272225,-63.42,4.01,52.6,44,37.09,0,2400,2026-01-21 12:01:00
673,Network_B,13.080919,80.27012,-73.71,6.1,74.88,12,22.26,1,5000,2026-01-28 06:51:00
674,Network_B,13.084102,80.270902,-80.33,3.22,124.75,17,3.76,0,2400,2026-01-27 15:43:00
675,Network_A,13.081092,80.270807,-49.5,4.25,13.28,66,24.72,1,2400,2026-01-09 21:29:00
676,Network_D,13.082035,80.269966,-74.86,1.92,117.23,6,40.29,0,5000,2026-01-18 14:48:00
677,Network_C,13.083539,80.270629,-62.07,2.38,80.45,18,31.16,1,2400,2026-01-24 03:51:00
678,Network_D,13.084112,80.27025,-58.87,3.73,51.86,40,35.75,1,2400,2026-01-18 06:34:00
679,Network_D,13.083042,80.271065,-71.83,3.32,109.28,33,39.82,0,5000,2026-01-06 06:52:00
680,Network_A,13.082305,80.27212,-54.17,5.22,67.63,72,21.24,0,2400,2026-01-15 04:31:00
681,Network_B,13.084668,80.271217,-57.43,6.7,58.69,44,38.62,0,2400,2026-01-10 06:38:00
682,Network_A,13.08196,80.269926,-54.24,6.13,27.08,34,38.41,0,5000,2026-01-04 10:02:00
683,Network_A,13.082613,80.269423,-58.06,1.03,75.42,16,56.29,0,2400,2026-01-11 14:08:00
684,Network_D,13.082631,80.271337,-58.46,6.29,79.05,51,26.51,1,5000,2026-01-03 04:55:00
685,Network_B,13.083906,80.270818,-59.53,5.4,74.83,5,61.77,0,2400,2026-01-21 22:40:00
686,Network_D,13.083908,80.272106,-62.05,2.4,75.04,37,28.52,1,5000,2026-01-30 02:27:00
687,Network_D,13.083389,80.270825,-48.34,2.21,19.34,54,47.87,0,5000,2026-01-17 02:18:00
688,Network_A,13.083325,80.270229,-53.02,5.58,45.86,41,52.08,0,2400,2026-01-22 09:27:00
689,Network_C,13.082483,80.268897,-60.02,3.14,87.55,75,11.85,1,2400,2026-01-06 01:50:00
690,Network_D,13.081861,80.272229,-54.92,7.36,26.32,5,73.28,0,5000,2026-01-23 01:19:00
691,Network_B,13.082863,80.271409,-71.51,3.8,106.88,61,18.42,1,5000,2026-01-27 11:42:00
692,Network_D,13.081206,80.27207,-61.27,2.39,57.52,48,51.13,0,5000,2026-01-13 23:20:00
693,Network_B,13.08187,80.26937,-64.48,5.71,59.96,24,37.96,0,5000,2026-01-11 00:08:00
694,Network_B,13.08259,80.27221,-50.24,6.98,10.84,63,47.19,0,5000,2026-01-16 00:05:00
695,Network_B,13.084414,80.271019,-71.69,5.35,101.72,59,23.99,0,2400,2026-01-15 07:32:00
696,Network_C,13.08346,80.270249,-64.52,1.11,55.19,43,39.11,0,5000,2026-01-17 08:54:00
697,Network_C,13.080784,80.268846,-75.22,3.17,135.87,53,5.58,1,5000,2026-01-12 05:42:00
698,Network_A,13.081005,80.271631,-71.65,5.45,94.45,77,16.11,1,5000,2026-01-27 15:39:00
699,Network_D,13.082851,80.271354,-66.47,2.05,118.68,64,12.51,0,2400,2026-01-10 11:43:00
700,Network_A,13.083881,80.269242,-65.11,4.27,69.9,11,52.26,0,5000,2026-01-16 17:51:00
701,Network_A,13.08252,80.270924,-62.55,2.99,63.58,16,35.47,1,2400,2026-01-16 01:26:00
702,Network_C,13.080837,80.27069,-54.25,4.03,27.45,70,13.36,1,2400,2026-01-16 17:00:00
703,Network_A,13.080933,80.272385,-78.82,2.8,131.79,15,19.77,0,5000,2026-01-13 08:50:00
704,Network_D,13.083061,80.270797,-48.36,4.17,46.04,46,50.44,0,2400,2026-01-02 05:49:00
705,Network_A,13.080875,80.269647,-77.94,2.83,134.01,33,21.16,0,2400,2026-01-28 22:01:00
706,Network_B,13.084226,80.270364,-73.21,2.34,109.45,54,20.0,1,5000,2026-01-22 21:55:00
707,Network_C,13.080963,80.27147,-61.79,3.87,87.93,35,40.71,0,2400,2026-01-09 22:16:00
708,Network_B,13.081389,80.271709,-72.78,6.35,137.18,59,38.29,0,2400,2026-01-05 03:18:00
709,Network_A,13.081205,80.272483,-54.76,7.54,24.22,37,43.48,1,5000,2026-01-12 21:57:00
710,Network_B,13.082472,80.271171,-75.76,6.76,116.65,17,22.68,1,2400,2026-01-17 05:56:00
711,Network_D,13.08362,80.270344,-63.7,1.36,96.24,58,35.28,0,5000,2026-01-11 19:05:00
712,Network_D,13.08432,80.271971,-61.43,1.71,55.21,47,35.09,1,5000,2026-01-09 20:59:00
713,Network_D,13.082706,80.269634,-57.63,2.6,64.39,69,33.25,0,2400,2026-01-14 13:44:00
714,Network_A,13.081719,80.272358,-46.37,6.67,21.39,5,90.0,0,2400,2026-01-18 06:06:00
715,Network_D,13.08176,80.271637,-70.53,4.43,97.21,73,15.37,1,5000,2026-01-02 05:45:00
716,Network_C,13.082525,80.269383,-61.84,5.28,43.75,77,20.42,0,2400,2026-01-19 15:47:00
717,Network_C,13.084349,80.272484,-57.12,7.27,40.48,26,32.67,1,5000,2026-01-06 12:19:00
718,Network_A,13.08449,80.270393,-49.54,4.81,6.35,33,58.06,0,2400,2026-01-14 09:57:00
719,Network_C,13.081358,80.271715,-73.26,6.78,145.38,41,23.13,1,5000,2026-01-16 13:11:00
720,Network_D,13.084114,80.272357,-57.29,4.87,43.47,38,38.66,1,5000,2026-01-18 05:35:00
721,Network_A,13.082478,80.269725,-55.39,4.39,32.61,49,21.0,1,5000,2026-01-10 02:11:00
722,Network_D,13.083266,80.268794,-63.74,1.66,67.38,3,44.13,1,2400,2026-01-01 00:37:00
723,Network_A,13.080914,80.269262,-68.72,4.81,95.27,74,1.0,1,5000,2026-01-05 10:51:00
724,Network_A,13.084547,80.27089,-43.11,7.27,14.32,21,91.63,0,2400,2026-01-26 21:37:00
725,Network_B,13.083906,80.271222,-49.43,1.5,47.47,52,25.63,1,2400,2026-01-23 10:25:00
726,Network_D,13.08231,80.269306,-66.05,1.04,69.07,26,35.08,1,5000,2026-01-10 01:05:00
727,Network_A,13.081983,80.272171,-62.14,2.45,38.72,53,44.31,0,5000,2026-01-02 11:08:00
728,Network_B,13.081645,80.269091,-73.81,1.39,88.54,63,17.22,0,5000,2026-01-21 08:38:00
729,Network_D,13.081774,80.271317,-66.28,5.86,82.37,19,44.65,0,5000,2026-01-30 18:16:00
730,Network_B,13.082583,80.271527,-81.77,4.47,141.39,28,11.77,0,2400,2026-01-15 07:21:00
731,Network_A,13.084483,80.269488,-80.03,4.78,131.93,39,28.0,0,5000,2026-01-24 13:57:00
732,Network_A,13.082673,80.271017,-51.64,5.43,32.42,45,53.33,0,2400,2026-01-13 15:52:00
733,Network_A,13.081015,80.270809,-64.92,4.02,63.4,63,25.23,0,5000,2026-01-25 08:17:00
734,Network_C,13.081832,80.272279,-40.62,1.56,8.51,50,36.1,1,2400,2026-01-11 23:55:00
735,Network_A,13.080946,80.26935,-84.21,1.46,134.78,14,16.79,0,5000,2026-01-30 02:44:00
736,Network_C,13.081567,80.271378,-79.64,3.97,145.75,57,1.3,0,2400,2026-01-02 19:00:00
737,Network_C,13.082641,80.270874,-61.75,5.83,49.19,30,47.4,0,2400,2026-01-30 15:16:00
738,Network_D,13.082809,80.271637,-46.56,2.51,12.99,66,44.27,0,2400,2026-01-19 19:55:00
739,Network_A,13.084287,80.269543,-57.77,5.47,37.99,6,58.15,0,5000,2026-01-30 23:43:00
740,Network_C,13.084069,80.271742,-54.49,7.25,29.39,40,39.26,1,2400,2026-01-10 22:38:00
741,Network_C,13.083131,80.270319,-55.13,3.57,37.66,59,21.94,0,5000,2026-01-03 22:39:00
742,Network_A,13.082234,80.272046,-77.7,6.73,99.36,72,18.49,0,2400,2026-01-27 06:48:00
743,Network_D,13.082293,80.270689,-80.39,1.97,101.78,30,9.01,0,2400,2026-01-18 18:07:00
744,Network_A,13.083415,80.270384,-74.81,1.77,144.41,63,17.68,0,5000,2026-01-13 12:15:00
745,Network_D,13.083114,80.270714,-78.26,4.54,130.73,71,13.96,0,2400,2026-01-06 12:53:00
746,Network_B,13.081601,80.271426,-54.65,2.3,41.77,18,53.0,1,2400,2026-01-26 01:27:00
747,Network_C,13.083779,80.270653,-50.4,6.49,53.97,11,56.52,1,5000,2026-01-24 19:03:00
748,Network_B,13.082119,80.271151,-57.03,2.82,89.88,23,58.96,0,2400,2026-01-12 15:59:00
749,Network_D,13.083505,80.271856,-67.31,2.34,55.89,4,20.95,1,5000,2026-01-14 20:25:00
750,Network_A,13.081367,80.268887,-70.99,5.93,118.03,53,17.0,0,5000,2026-01-30 02:56:00
751,Network_C,13.081721,80.271403,-63.87,6.75,83.67,39,23.41,0,2400,2026-01-24 11:42:00
752,Network_C,13.08227,80.270068,-71.68,1.66,125.67,58,11.61,0,5000,2026-01-14 22:07:00
753,Network_D,13.082348,80.269595,-68.53,6.14,140.22,21,33.75,0,2400,2026-01-05 02:34:00
754,Network_A,13.082657,80.270232,-52.35,4.11,37.2,43,45.58,1,2400,2026-01-06 12:33:00
755,Network_A,13.08117,80.272661,-49.15,2.24,35.36,35,33.62,1,2400,2026-01-21 10:55:00
756,Network_C,13.083199,80.270046,-58.62,7.31,35.63,40,37.46,0,5000,2026-01-28 09:32:00
757,Network_D,13.080902,80.272405,-78.24,1.65,144.44,5,8.83,1,2400,2026-01-14 15:49:00
758,Network_B,13.082192,80.269282,-60.03,1.29,63.89,58,23.35,0,2400,2026-01-24 22:05:00
759,Network_C,13.080875,80.270006,-78.67,4.07,95.38,63,3.37,1,2400,2026-01-14 22:27:00
760,Network_A,13.081978,80.271067,-45.93,6.27,15.47,6,89.57,0,2400,2026-01-07 11:40:00
761,Network_A,13.083269,80.268853,-68.77,3.5,95.11,21,38.54,1,5000,2026-01-08 07:32:00
762,Network_C,13.08376,80.269398,-54.18,4.66,51.73,7,67.63,0,2400,2026-01-04 21:27:00
763,Network_C,13.08139,80.271019,-66.41,2.91,85.55,45,43.2,0,5000,2026-01-07 16:28:00
764,Network_B,13.083653,80.269266,-83.3,4.23,132.96,38,10.94,0,2400,2026-01-29 21:52:00
765,Network_A,13.083703,80.271279,-51.39,4.76,56.52,11,72.71,0,5000,2026-01-24 02:30:00
766,Network_D,13.081818,80.271027,-46.05,1.99,13.03,63,24.89,1,5000,2026-01-10 07:55:00
767,Network_C,13.08141,80.269139,-58.37,4.24,87.22,62,25.47,0,5000,2026-01-01 19:20:00
768,Network_B,13.082066,80.272198,-57.84,5.06,86.76,26,38.81,1,2400,2026-01-01 17:59:00
769,Network_B,13.083923,80.272659,-62.91,1.1,59.72,44,25.15,1,2400,2026-01-26 07:07:00
770,Network_A,13.083961,80.272257,-55.68,7.73,80.31,20,48.66,1,5000,2026-01-24 03:59:00
771,Network_C,13.081024,80.271009,-72.83,6.88,140.75,15,23.68,1,5000,2026-01-24 01:25:00
772,Network_A,13.084132,80.269894,-75.98,5.41,138.94,48,6.11,1,2400,2026-01-26 16:41:00
773,Network_B,13.08323,80.269853,-74.42,3.8,97.58,48,5.72,1,2400,2026-01-21 06:44:00
774,Network_A,13.082268,80.269754,-77.57,2.42,143.42,30,15.24,1,2400,2026-01-27 21:12:00
775,Network_D,13.081446,80.269777,-65.43,3.23,121.1,71,15.81,0,5000,2026-01-01 13:17:00
776,Network_B,13.081728,80.268784,-61.75,4.61,37.35,4,37.96,1,2400,2026-01-30 07:38:00
777,Network_C,13.083224,80.272513,-63.57,6.98,83.44,78,27.79,1,2400,2026-01-03 16:43:00
778,Network_A,13.08227,80.270321,-40.41,2.45,23.2,64,37.61,1,5000,2026-01-13 14:05:00
779,Network_A,13.082973,80.270458,-42.11,5.3,14.75,53,38.95,1,5000,2026-01-24 00:38:00
780,Network_A,13.080755,80.269913,-74.92,4.47,106.21,68,20.73,0,2400,2026-01-30 07:35:00
781,Network_A,13.084228,80.270338,-56.56,3.82,47.03,34,45.83,0,5000,2026-01-11 01:21:00
782,Network_D,13.082131,80.268734,-76.23,4.81,126.69,54,22.94,0,2400,2026-01-14 10:13:00
783,Network_B,13.083687,80.269075,-66.13,6.12,79.32,20,62.59,0,5000,2026-01-04 10:05:00
784,Network_D,13.084002,80.269801,-49.74,7.28,15.9,11,88.06,0,2400,2026-01-26 10:59:00
785,Network_C,13.083008,80.269585,-58.29,4.45,44.02,58,43.04,0,2400,2026-01-24 19:58:00
786,Network_A,13.083419,80.271136,-80.75,5.51,116.5,73,1.0,1,5000,2026-01-02 07:49:00
787,Network_D,13.081964,80.269956,-67.87,1.67,96.85,16,22.18,1,2400,2026-01-18 18:35:00
788,Network_D,13.080849,80.27048,-40.56,2.47,21.4,19,89.93,0,5000,2026-01-17 02:52:00
789,Network_B,13.084668,80.271859,-75.42,1.55,101.21,40,10.73,1,2400,2026-01-23 21:35:00
790,Network_B,13.08422,80.272699,-52.7,2.83,40.39,41,60.79,0,2400,2026-01-19 08:11:00
791,Network_A,13.080805,80.271453,-69.15,1.13,92.6,45,16.77,1,2400,2026-01-13 16:56:00
792,Network_A,13.08373,80.271627,-74.93,5.82,107.83,10,22.7,0,5000,2026-01-13 08:41:00
793,Network_A,13.083836,80.270513,-72.71,2.6,119.87,78,16.98,1,5000,2026-01-03 18:10:00
794,Network_D,13.081738,80.26987,-76.3,3.42,107.27,19,25.89,1,2400,2026-01-06 06:47:00
795,Network_D,13.083726,80.269729,-61.02,2.55,105.56,74,15.93,0,2400,2026-01-08 20:04:00
796,Network_B,13.082691,80.272067,-82.43,3.84,121.2,63,1.61,1,2400,2026-01-17 05:25:00
797,Network_C,13.082114,80.271269,-54.27,1.69,40.62,12,62.43,0,2400,2026-01-12 21:45:00
798,Network_B,13.084251,80.269109,-76.33,4.3,112.9,78,16.22,0,2400,2026-01-12 18:58:00
799,Network_A,13.083524,80.272347,-73.1,2.28,99.61,7,41.72,0,5000,2026-01-26 02:43:00
800,Network_D,13.082434,80.270287,-76.89,2.47,141.02,77,4.99,0,5000,2026-01-19 04:17:00
801,Network_A,13.082025,80.26983,-65.14,7.52,85.5,59,39.13,0,2400,2026-01-03 19:07:00
802,Network_A,13.083655,80.272272,-74.82,6.95,69.95,70,19.79,0,2400,2026-01-21 01:19:00
803,Network_D,13.083043,80.272604,-66.83,5.09,82.18,78,5.52,0,5000,2026-01-17 03:54:00
804,Network_D,13.084343,80.272549,-59.25,5.79,67.05,18,29.62,1,5000,2026-01-07 00:16:00
805,Network_B,13.082333,80.269822,-76.09,4.71,111.01,20,13.18,1,2400,2026-01-11 09:46:00
806,Network_C,13.08332,80.269833,-48.09,6.45,5.04,4,85.07,0,5000,2026-01-29 05:24:00
807,Network_D,13.083426,80.268954,-60.39,3.02,62.46,63,25.36,1,5000,2026-01-28 05:49:00
808,Network_A,13.083535,80.269158,-60.28,2.69,49.29,52,35.19,1,5000,2026-01-24 04:42:00
809,Network_D,13.081122,80.271526,-60.69,4.36,77.43,43,42.73,1,5000,2026-01-06 17:25:00
810,Network_C,13.083923,80.269133,-74.35,2.39,148.07,21,35.52,0,5000,2026-01-16 09:09:00
811,Network_A,13.081644,80.271622,-49.91,7.55,10.85,12,67.4,0,5000,2026-01-04 17:52:00
812,Network_B,13.08204,80.269529,-54.24,3.03,59.78,13,38.39,1,2400,2026-01-16 11:44:00
813,Network_B,13.081144,80.270325,-71.04,4.27,116.8,12,24.86,1,2400,2026-01-06 13:11:00
814,Network_D,13.080763,80.270931,-45.7,3.19,60.02,14,61.08,1,2400,2026-01-01 09:29:00
815,Network_A,13.08147,80.26909,-75.33,3.52,135.18,8,11.16,0,5000,2026-01-05 19:08:00
816,Network_A,13.081144,80.270471,-49.51,6.11,41.72,64,27.63,0,2400,2026-01-15 20:18:00
817,Network_A,13.083371,80.268862,-57.4,6.01,61.66,38,49.18,0,5000,2026-01-19 05:26:00
818,Network_A,13.082011,80.269541,-59.63,1.24,77.16,65,27.39,0,5000,2026-01-26 03:16:00
819,Network_D,13.083963,80.268951,-81.39,7.2,123.25,50,9.92,0,5000,2026-01-19 13:18:00
820,Network_A,13.082292,80.268806,-53.94,6.93,53.66,78,5.01,1,5000,2026-01-06 08:12:00
821,Network_D,13.082742,80.272578,-68.48,5.32,105.52,42,24.66,1,5000,2026-01-26 10:48:00
822,Network_A,13.083853,80.269736,-74.58,3.36,107.76,33,12.83,1,2400,2026-01-25 15:37:00
823,Network_C,13.081783,80.268817,-76.08,7.07,92.74,60,3.9,1,2400,2026-01-14 08:51:00
824,Network_C,13.081439,80.270064,-70.61,5.71,83.81,26,28.24,1,5000,2026-01-23 18:47:00
825,Network_C,13.081144,80.269408,-60.87,3.79,67.16,6,33.22,1,2400,2026-01-10 20:33:00
826,Network_A,13.08384,80.271986,-67.02,7.78,85.4,33,22.76,0,5000,2026-01-12 10:51:00
827,Network_D,13.082571,80.271286,-83.25,3.22,125.35,43,10.44,0,5000,2026-01-18 11:06:00
828,Network_A,13.084699,80.272073,-54.47,7.78,57.46,16,72.19,0,2400,2026-01-16 08:00:00
829,Network_A,13.082448,80.270288,-82.4,2.2,112.81,29,22.14,0,2400,2026-01-23 02:15:00
830,Network_C,13.08276,80.269383,-72.52,4.44,101.12,46,21.39,1,2400,2026-01-13 08:11:00
831,Network_C,13.084525,80.271767,-85.0,1.45,145.59,38,11.21,0,2400,2026-01-19 15:24:00
832,Network_D,13.083929,80.270168,-56.87,3.49,50.97,31,50.56,0,2400,2026-01-17 00:52:00
833,Network_B,13.082739,80.27022,-67.96,1.34,70.03,10,39.27,0,5000,2026-01-19 13:54:00
834,Network_D,13.082987,80.269715,-58.05,7.9,38.07,34,31.54,1,2400,2026-01-03 15:58:00
835,Network_B,13.083051,80.268956,-79.5,5.48,130.05,64,7.02,1,2400,2026-01-03 13:28:00
836,Network_D,13.082365,80.269419,-65.7,1.82,104.92,9,35.32,1,2400,2026-01-06 03:30:00
837,Network_C,13.084372,80.272347,-70.8,2.43,112.15,47,14.37,1,2400,2026-01-05 00:53:00
838,Network_C,13.083255,80.272513,-45.37,7.75,19.66,57,34.38,0,5000,2026-01-28 13:35:00
839,Network_D,13.08091,80.272331,-71.11,6.47,109.58,49,38.46,0,2400,2026-01-23 19:24:00
840,Network_D,13.084411,80.272429,-73.71,4.6,109.49,78,12.8,0,2400,2026-01-26 04:23:00
841,Network_A,13.084454,80.269443,-81.62,2.19,146.81,5,17.2,0,2400,2026-01-13 03:42:00
842,Network_B,13.084408,80.27136,-72.95,3.52,105.17,26,28.69,0,2400,2026-01-23 04:01:00
843,Network_C,13.08355,80.271452,-58.23,6.92,51.3,53,41.88,0,2400,2026-01-29 01:24:00
844,Network_A,13.082406,80.27085,-40.0,5.76,8.26,27,55.8,1,2400,2026-01-05 04:50:00
845,Network_A,13.082326,80.271008,-54.55,7.69,27.07,36,30.51,1,5000,2026-01-07 07:47:00
846,Network_A,13.08121,80.272137,-62.65,6.62,91.25,25,39.0,0,5000,2026-01-03 15:43:00
847,Network_C,13.084539,80.27013,-58.5,3.02,14.55,55,41.06,0,2400,2026-01-09 15:48:00
848,Network_A,13.084227,80.270641,-74.45,3.75,83.59,6,26.4,0,5000,2026-01-29 05:22:00
849,Network_B,13.080979,80.27141,-55.05,2.89,30.06,5,48.81,1,5000,2026-01-02 01:02:00
850,Network_A,13.083919,80.269252,-73.48,3.17,117.52,30,36.13,0,5000,2026-01-23 15:19:00
851,Network_C,13.083322,80.268735,-80.79,3.82,139.49,28,9.36,0,5000,2026-01-20 09:13:00
852,Network_D,13.082506,80.270332,-67.52,7.14,104.68,49,16.19,0,2400,2026-01-18 00:29:00
853,Network_B,13.084502,80.272533,-43.78,1.14,19.17,36,48.6,1,2400,2026-01-11 03:30:00
854,Network_B,13.083397,80.269586,-55.62,6.66,10.05,69,16.34,1,2400,2026-01-18 12:30:00
855,Network_C,13.083117,80.272009,-66.4,4.75,66.63,39,16.64,1,2400,2026-01-19 21:15:00
856,Network_B,13.081555,80.269488,-59.0,3.6,64.85,6,47.42,0,2400,2026-01-16 09:19:00
857,Network_B,13.084222,80.270435,-61.2,4.88,64.75,12,47.49,0,2400,2026-01-21 10:54:00
858,Network_C,13.081709,80.271943,-80.62,2.5,142.34,9,8.34,0,2400,2026-01-23 09:54:00
859,Network_D,13.081294,80.270295,-80.32,5.81,136.14,6,21.24,1,2400,2026-01-12 10:44:00
860,Network_C,13.081452,80.270412,-57.91,7.74,100.45,74,28.1,0,2400,2026-01-24 10:24:00
861,Network_D,13.082099,80.27121,-68.33,7.34,118.74,66,25.57,0,5000,2026-01-24 08:42:00
862,Network_D,13.083251,80.270724,-69.66,6.93,109.0,35,34.51,0,5000,2026-01-10 08:36:00
863,Network_D,13.082683,80.269953,-76.2,7.06,114.28,14,7.7,1,2400,2026-01-23 13:39:00
864,Network_D,13.082124,80.269836,-56.94,4.18,30.53,74,32.11,0,5000,2026-01-29 06:51:00
865,Network_B,13.08102,80.269059,-75.05,4.02,90.66,4,36.13,1,5000,2026-01-28 14:23:00
866,Network_A,13.081298,80.269115,-49.58,2.38,22.92,30,38.77,1,5000,2026-01-18 12:07:00
867,Network_C,13.08154,80.270668,-45.58,7.29,7.84,28,84.45,0,2400,2026-01-21 09:08:00
868,Network_A,13.081744,80.270852,-79.32,1.26,136.6,66,16.89,1,2400,2026-01-23 03:27:00
869,Network_B,13.081144,80.269814,-68.74,3.24,116.88,55,13.09,1,2400,2026-01-12 22:38:00
870,Network_D,13.080764,80.269168,-54.56,7.75,31.81,34,44.51,0,5000,2026-01-07 13:51:00
871,Network_D,13.081994,80.268793,-70.53,6.35,77.55,46,23.54,0,5000,2026-01-19 17:57:00
872,Network_B,13.083711,80.269828,-60.25,5.67,36.73,73,23.92,0,2400,2026-01-19 04:29:00
873,Network_B,13.083181,80.269877,-53.29,4.22,17.53,41,57.05,0,5000,2026-01-16 16:37:00
874,Network_D,13.084572,80.271512,-60.29,4.74,24.82,55,21.62,0,5000,2026-01-15 16:55:00
875,Network_C,13.080733,80.27182,-75.98,6.59,101.66,51,7.93,0,2400,2026-01-23 08:01:00
876,Network_D,13.081668,80.272205,-45.79,5.6,7.76,34,64.36,0,2400,2026-01-17 20:00:00
877,Network_B,13.082687,80.269277,-79.0,3.94,138.44,65,9.97,0,2400,2026-01-13 12:13:00
878,Network_C,13.081655,80.272042,-71.89,6.83,118.67,74,20.32,0,2400,2026-01-05 20:38:00
879,Network_B,13.084368,80.269236,-76.22,2.5,102.37,35,2.74,1,2400,2026-01-25 04:31:00
880,Network_D,13.083459,80.271599,-74.71,2.91,106.23,36,19.02,0,5000,2026-01-23 17:47:00
881,Network_C,13.083094,80.270711,-47.92,3.28,12.52,4,66.57,1,2400,2026-01-12 06:59:00
882,Network_D,13.082154,80.270826,-81.32,2.03,131.42,52,10.05,1,5000,2026-01-08 09:59:00
883,Network_B,13.08392,80.268778,-68.9,1.77,125.45,61,20.84,1,5000,2026-01-04 21:44:00
884,Network_B,13.083586,80.268724,-69.76,1.76,90.9,15,43.32,0,5000,2026-01-05 04:21:00
885,Network_C,13.081524,80.26929,-74.26,3.57,120.56,62,11.91,0,5000,2026-01-03 03:33:00
886,Network_C,13.081914,80.272156,-82.73,6.77,118.32,26,12.99,1,5000,2026-01-02 15:00:00
887,Network_A,13.081991,80.27128,-71.87,2.85,128.47,75,12.8,1,2400,2026-01-11 22:48:00
888,Network_A,13.083346,80.271068,-76.5,1.82,111.76,17,24.12,0,5000,2026-01-26 11:40:00
889,Network_D,13.081373,80.271475,-74.65,2.84,98.58,75,20.4,1,5000,2026-01-13 11:53:00
890,Network_C,13.083148,80.270194,-69.19,4.59,106.78,37,35.92,0,2400,2026-01-04 22:55:00
891,Network_A,13.082935,80.2712,-44.73,1.33,19.01,78,7.65,1,2400,2026-01-17 03:26:00
892,Network_B,13.082937,80.270829,-50.64,7.4,63.33,29,40.5,1,5000,2026-01-04 10:40:00
893,Network_B,13.080855,80.271336,-56.35,3.14,44.52,44,40.67,1,5000,2026-01-02 13:23:00
894,Network_D,13.081158,80.272688,-55.11,3.55,66.71,11,55.8,0,5000,2026-01-07 23:13:00
895,Network_D,13.083008,80.27151,-78.42,3.92,96.94,11,7.3,0,5000,2026-01-21 22:44:00
896,Network_B,13.082429,80.272667,-83.26,6.88,139.5,42,6.07,0,2400,2026-01-24 08:37:00
897,Network_C,13.08158,80.269505,-77.64,3.75,138.76,18,25.24,0,5000,2026-01-24 13:32:00
898,Network_D,13.080822,80.269227,-80.74,4.62,133.56,66,18.51,1,5000,2026-01-23 08:15:00
899,Network_D,13.083753,80.27159,-55.59,3.32,34.65,67,13.82,0,2400,2026-01-09 02:12:00
900,Network_A,13.082296,80.27262,-60.38,1.5,37.75,56,39.61,1,5000,2026-01-18 11:58:00
901,Network_A,13.084188,80.269856,-50.22,5.03,17.51,30,64.5,0,2400,2026-01-26 10:49:00
902,Network_C,13.081242,80.269865,-54.33,6.02,25.98,52,45.52,0,2400,2026-01-14 11:14:00
903,Network_D,13.082004,80.270603,-57.66,7.27,92.41,67,18.01,1,2400,2026-01-04 19:27:00
904,Network_C,13.083457,80.272456,-45.71,5.75,41.25,12,62.63,1,2400,2026-01-27 10:01:00
905,Network_C,13.081992,80.270625,-75.08,7.73,94.52,23,14.83,1,2400,2026-01-29 10:15:00
906,Network_C,13.082733,80.268952,-79.49,5.44,125.95,22,21.51,0,2400,2026-01-12 08:43:00
907,Network_C,13.083324,80.269542,-56.09,1.76,51.15,21,43.54,0,2400,2026-01-16 10:03:00
908,Network_C,13.083982,80.272116,-57.16,2.9,29.97,7,53.88,0,5000,2026-01-14 03:22:00
909,Network_A,13.081796,80.269499,-53.2,1.04,38.62,67,43.53,0,2400,2026-01-24 13:09:00
910,Network_B,13.083405,80.271508,-68.79,7.62,109.53,73,31.18,0,5000,2026-01-14 22:39:00
911,Network_B,13.084431,80.269004,-59.32,5.08,77.66,71,30.28,0,2400,2026-01-11 05:32:00
912,Network_D,13.082309,80.268794,-53.82,6.93,52.77,46,45.25,0,2400,2026-01-28 03:47:00
913,Network_A,13.081866,80.271991,-44.84,4.14,70.45,43,59.94,0,2400,2026-01-28 17:38:00
914,Network_D,13.084412,80.270516,-73.28,1.7,111.5,29,18.84,1,5000,2026-01-24 08:49:00
915,Network_A,13.084064,80.270754,-52.83,2.32,25.18,39,37.79,0,2400,2026-01-20 17:11:00
916,Network_D,13.083234,80.269694,-60.85,2.7,49.1,29,42.13,1,5000,2026-01-10 09:26:00
917,Network_A,13.082728,80.27145,-74.46,2.02,96.83,16,19.16,0,5000,2026-01-11 00:04:00
918,Network_C,13.083355,80.270224,-78.59,4.79,109.32,38,7.77,0,2400,2026-01-12 15:00:00
919,Network_D,13.083963,80.272439,-70.62,4.27,126.93,15,46.76,0,5000,2026-01-15 19:26:00
920,Network_B,13.084309,80.272203,-75.48,6.93,121.21,74,1.0,0,5000,2026-01-09 17:29:00
921,Network_B,13.083627,80.269359,-63.1,5.96,55.95,27,20.97,1,5000,2026-01-07 04:04:00
922,Network_C,13.08392,80.27018,-74.14,7.19,99.04,68,15.75,1,2400,2026-01-24 14:50:00
923,Network_B,13.084469,80.27172,-48.49,5.87,35.16,35,54.36,0,2400,2026-01-20 15:27:00
924,Network_A,13.082176,80.271588,-44.23,3.41,30.26,58,53.46,0,2400,2026-01-30 06:00:00
925,Network_D,13.082232,80.269705,-69.92,3.77,92.61,53,28.55,0,5000,2026-01-01 10:15:00
926,Network_C,13.083989,80.269882,-58.75,2.26,107.28,51,39.16,0,2400,2026-01-13 14:10:00
927,Network_A,13.082377,80.269476,-40.19,6.64,46.3,34,57.86,1,5000,2026-01-26 08:47:00
928,Network_C,13.081467,80.2689,-78.47,5.87,131.68,65,9.1,0,2400,2026-01-12 03:18:00
929,Network_A,13.083159,80.268888,-75.37,3.37,132.47,55,24.18,0,2400,2026-01-30 13:42:00
930,Network_A,13.083608,80.270212,-46.64,4.42,6.18,50,48.6,0,2400,2026-01-27 03:14:00
931,Network_D,13.080744,80.269949,-48.13,1.38,6.83,78,24.77,0,2400,2026-01-03 17:52:00
932,Network_A,13.081142,80.270571,-56.39,4.69,15.28,47,45.94,0,5000,2026-01-11 06:57:00
933,Network_C,13.082201,80.272637,-50.75,2.91,9.4,62,38.66,0,2400,2026-01-05 18:00:00
934,Network_C,13.084698,80.269752,-71.46,2.04,88.53,8,38.66,0,5000,2026-01-15 21:03:00
935,Network_C,13.084589,80.268757,-73.44,2.06,92.19,38,18.45,1,5000,2026-01-19 11:59:00
936,Network_C,13.08212,80.26899,-73.36,7.93,102.61,23,34.12,0,5000,2026-01-04 18:43:00
937,Network_B,13.083953,80.272519,-79.68,3.52,139.24,24,19.54,1,5000,2026-01-02 09:36:00
938,Network_C,13.081963,80.271075,-73.28,3.62,98.6,49,13.41,1,5000,2026-01-07 14:01:00
939,Network_A,13.083917,80.272297,-70.18,4.51,95.44,71,9.99,0,5000,2026-01-18 18:34:00
940,Network_B,13.082557,80.270681,-53.13,4.9,67.02,14,66.12,0,5000,2026-01-21 19:49:00
941,Network_C,13.081054,80.271136,-55.9,4.73,46.79,63,22.64,0,5000,2026-01-17 09:00:00
942,Network_D,13.081804,80.26957,-52.82,6.83,41.86,55,40.19,0,2400,2026-01-03 06:35:00
943,Network_D,13.081078,80.272656,-75.57,3.93,142.62,77,4.53,1,2400,2026-01-07 05:28:00
944,Network_C,13.080985,80.268977,-49.16,2.12,35.51,62,33.95,0,2400,2026-01-18 20:05:00
945,Network_B,13.082581,80.272518,-43.49,6.79,21.77,44,69.44,0,5000,2026-01-26 16:36:00
946,Network_B,13.083047,80.272031,-47.16,3.65,15.48,35,76.03,0,5000,2026-01-18 12:55:00
947,Network_A,13.083999,80.270309,-57.63,6.03,19.85,32,38.45,0,5000,2026-01-02 03:00:00
948,Network_D,13.08289,80.269278,-52.9,3.49,24.42,42,26.38,1,5000,2026-01-17 12:53:00
949,Network_D,13.083607,80.271531,-51.59,6.52,27.23,36,60.9,0,2400,2026-01-27 04:30:00
950,Network_B,13.08079,80.269675,-52.3,3.83,27.12,29,52.0,1,2400,2026-01-27 13:24:00
951,Network_B,13.081862,80.269361,-87.88,4.3,138.61,15,1.0,0,5000,2026-01-08 05:22:00
952,Network_C,13.083081,80.272189,-53.4,5.87,11.9,68,20.88,1,2400,2026-01-10 15:30:00
953,Network_A,13.084445,80.268774,-62.19,4.51,68.48,76,17.05,0,2400,2026-01-13 05:21:00
954,Network_A,13.082365,80.272032,-80.31,4.58,148.14,78,1.0,0,5000,2026-01-29 09:50:00
955,Network_A,13.084387,80.270194,-82.26,7.09,135.81,5,2.62,0,5000,2026-01-16 18:53:00
956,Network_B,13.08089,80.269577,-73.02,5.89,107.4,79,20.51,1,5000,2026-01-06 16:52:00
957,Network_D,13.08302,80.272492,-59.08,4.56,14.97,6,59.46,0,5000,2026-01-06 16:44:00
958,Network_C,13.082502,80.269842,-51.54,7.77,48.22,16,46.93,1,2400,2026-01-26 02:25:00
959,Network_B,13.082408,80.270908,-53.52,6.66,38.49,35,65.05,0,5000,2026-01-06 05:43:00
960,Network_C,13.084346,80.270709,-87.02,2.53,145.05,19,5.02,0,5000,2026-01-04 11:24:00
961,Network_B,13.082695,80.26956,-53.44,6.39,44.42,31,47.78,0,5000,2026-01-12 21:56:00
962,Network_D,13.081253,80.272565,-78.82,1.88,124.05,14,15.53,0,2400,2026-01-12 21:31:00
963,Network_D,13.083832,80.271685,-63.01,1.07,92.67,70,11.22,0,2400,2026-01-12 12:40:00
964,Network_A,13.081761,80.271452,-75.95,1.75,119.91,46,21.69,0,5000,2026-01-14 15:39:00
965,Network_C,13.081671,80.272667,-49.64,2.03,33.62,14,54.55,1,2400,2026-01-15 02:09:00
966,Network_C,13.081558,80.271236,-77.4,2.23,115.33,21,30.21,0,5000,2026-01-06 04:23:00
967,Network_B,13.084681,80.270296,-74.99,5.87,94.23,52,1.0,1,5000,2026-01-04 19:32:00
968,Network_C,13.080832,80.268705,-46.75,1.27,16.43,11,90.3,0,5000,2026-01-28 05:47:00
969,Network_A,13.084436,80.27001,-47.41,7.8,24.7,70,29.75,0,2400,2026-01-15 22:14:00
970,Network_C,13.083201,80.272646,-61.54,7.7,82.37,73,16.49,0,2400,2026-01-12 10:33:00
971,Network_D,13.081799,80.271295,-72.79,7.96,109.63,31,28.15,1,5000,2026-01-30 11:05:00
972,Network_D,13.082292,80.270158,-42.5,5.23,6.76,24,68.32,0,5000,2026-01-10 10:20:00
973,Network_A,13.083857,80.270134,-44.47,5.76,22.16,62,41.27,0,2400,2026-01-07 21:10:00
974,Network_C,13.080727,80.268874,-70.45,6.87,136.08,40,21.15,1,5000,2026-01-24 01:43:00
975,Network_C,13.082028,80.26932,-73.26,6.64,128.11,39,22.89,0,5000,2026-01-12 04:22:00
976,Network_A,13.081853,80.271774,-50.56,2.2,34.76,79,40.27,0,5000,2026-01-22 06:49:00
977,Network_C,13.083583,80.270919,-71.44,7.55,66.32,42,25.81,1,2400,2026-01-05 14:17:00
978,Network_C,13.083916,80.269436,-59.22,6.68,47.91,30,36.5,1,5000,2026-01-20 00:47:00
979,Network_A,13.083571,80.271419,-81.45,4.91,125.48,59,5.75,0,2400,2026-01-26 23:52:00
980,Network_B,13.083222,80.271019,-60.58,2.05,58.66,24,48.32,1,5000,2026-01-03 20:10:00
981,Network_C,13.082436,80.269811,-69.82,4.72,131.14,18,46.03,0,2400,2026-01-27 16:40:00
982,Network_D,13.084274,80.271993,-53.24,4.31,19.94,47,42.11,0,5000,2026-01-24 03:57:00
983,Network_A,13.081496,80.269019,-81.92,7.4,126.37,52,7.47,0,2400,2026-01-17 10:05:00
984,Network_B,13.082821,80.270114,-84.52,6.06,120.59,25,1.78,1,5000,2026-01-01 05:37:00
985,Network_A,13.08378,80.27213,-40.0,5.2,5.03,68,26.29,1,2400,2026-01-02 20:33:00
986,Network_C,13.082971,80.272026,-76.78,4.29,140.21,36,17.69,1,2400,2026-01-18 09:26:00
987,Network_C,13.082116,80.271113,-67.03,3.05,50.24,66,20.54,1,2400,2026-01-02 17:06:00
988,Network_B,13.084491,80.27064,-80.3,5.96,136.39,59,11.69,0,5000,2026-01-09 17:42:00
989,Network_C,13.083671,80.26942,-77.35,3.58,137.59,70,6.54,1,2400,2026-01-05 23:49:00
990,Network_D,13.083092,80.27066,-53.51,4.92,9.66,23,58.85,1,5000,2026-01-05 00:07:00
991,Network_C,13.084337,80.268733,-71.43,5.71,111.73,29,27.26,1,2400,2026-01-19 07:27:00
992,Network_A,13.084538,80.269532,-55.07,4.63,50.12,67,33.75,0,5000,2026-01-25 01:34:00
993,Network_D,13.082577,80.269166,-59.31,7.25,58.33,79,19.52,0,2400,2026-01-23 22:43:00
994,Network_D,13.081248,80.270064,-44.37,1.85,32.22,52,53.96,0,2400,2026-01-28 20:28:00
995,Network_A,13.081673,80.272209,-74.44,1.9,112.72,36,16.66,0,2400,2026-01-26 13:02:00
996,Network_A,13.084335,80.268785,-54.16,3.91,55.46,8,56.35,1,5000,2026-01-06 14:10:00
997,Network_B,13.081608,80.269585,-46.95,6.8,28.41,65,36.42,0,2400,2026-01-14 09:20:00
998,Network_B,13.084588,80.27117,-75.51,2.56,147.31,54,7.86,0,2400,2026-01-23 10:42:00
999,Network_B,13.08137,80.269752,-47.91,1.66,10.18,41,56.68,1,5000,2026-01-11 23:22:00
1000,Network_D,13.084532,80.268742,-76.75,1.11,148.6,15,34.2,0,5000,2026-01-04 17:09:00
